,Generator,Time,Value
0,Asheville_coal,1,0.0
1,Asheville_coal,2,0.0
2,Asheville_coal,3,0.0
3,Asheville_coal,4,0.0
4,Asheville_coal,5,0.0
5,Asheville_coal,6,0.0
6,Asheville_coal,7,0.0
7,Asheville_coal,8,0.0
8,Asheville_coal,9,0.0
9,Asheville_coal,10,0.0
10,Asheville_coal,11,0.0
11,Asheville_coal,12,0.0
12,Asheville_coal,13,0.0
13,Asheville_coal,14,0.0
14,Asheville_coal,15,0.0
15,Asheville_coal,16,0.0
16,Asheville_coal,17,0.0
17,Asheville_coal,18,0.0
18,Asheville_coal,19,0.0
19,Asheville_coal,20,0.0
20,Asheville_coal,21,0.0
21,Asheville_coal,22,0.0
22,Asheville_coal,23,0.0
23,Asheville_coal,24,0.0
24,BelewsCreek_1,1,-0.0
25,BelewsCreek_1,2,-0.0
26,BelewsCreek_1,3,-0.0
27,BelewsCreek_1,4,-0.0
28,BelewsCreek_1,5,-0.0
29,BelewsCreek_1,6,-0.0
30,BelewsCreek_1,7,-0.0
31,BelewsCreek_1,8,-0.0
32,BelewsCreek_1,9,-0.0
33,BelewsCreek_1,10,-0.0
34,BelewsCreek_1,11,-0.0
35,BelewsCreek_1,12,-0.0
36,BelewsCreek_1,13,-0.0
37,BelewsCreek_1,14,-0.0
38,BelewsCreek_1,15,-0.0
39,BelewsCreek_1,16,-0.0
40,BelewsCreek_1,17,-0.0
41,BelewsCreek_1,18,-0.0
42,BelewsCreek_1,19,-0.0
43,BelewsCreek_1,20,-0.0
44,BelewsCreek_1,21,-0.0
45,BelewsCreek_1,22,-0.0
46,BelewsCreek_1,23,-0.0
47,BelewsCreek_1,24,-0.0
48,CantonNorthCarolina,1,0.0
49,CantonNorthCarolina,2,0.0
50,CantonNorthCarolina,3,0.0
51,CantonNorthCarolina,4,0.0
52,CantonNorthCarolina,5,0.0
53,CantonNorthCarolina,6,0.0
54,CantonNorthCarolina,7,0.0
55,CantonNorthCarolina,8,0.0
56,CantonNorthCarolina,9,0.0
57,CantonNorthCarolina,10,0.0
58,CantonNorthCarolina,11,0.0
59,CantonNorthCarolina,12,0.0
60,CantonNorthCarolina,13,0.0
61,CantonNorthCarolina,14,0.0
62,CantonNorthCarolina,15,0.0
63,CantonNorthCarolina,16,0.0
64,CantonNorthCarolina,17,0.0
65,CantonNorthCarolina,18,0.0
66,CantonNorthCarolina,19,0.0
67,CantonNorthCarolina,20,0.0
68,CantonNorthCarolina,21,0.0
69,CantonNorthCarolina,22,0.0
70,CantonNorthCarolina,23,0.0
71,CantonNorthCarolina,24,0.0
72,EdgecombeGencoLLC_GEN,1,-0.0
73,EdgecombeGencoLLC_GEN,2,-0.0
74,EdgecombeGencoLLC_GEN,3,-0.0
75,EdgecombeGencoLLC_GEN,4,-0.0
76,EdgecombeGencoLLC_GEN,5,-0.0
77,EdgecombeGencoLLC_GEN,6,-0.0
78,EdgecombeGencoLLC_GEN,7,-0.0
79,EdgecombeGencoLLC_GEN,8,-0.0
80,EdgecombeGencoLLC_GEN,9,-0.0
81,EdgecombeGencoLLC_GEN,10,-0.0
82,EdgecombeGencoLLC_GEN,11,-0.0
83,EdgecombeGencoLLC_GEN,12,-0.0
84,EdgecombeGencoLLC_GEN,13,-0.0
85,EdgecombeGencoLLC_GEN,14,-0.0
86,EdgecombeGencoLLC_GEN,15,-0.0
87,EdgecombeGencoLLC_GEN,16,-0.0
88,EdgecombeGencoLLC_GEN,17,-0.0
89,EdgecombeGencoLLC_GEN,18,-0.0
90,EdgecombeGencoLLC_GEN,19,-0.0
91,EdgecombeGencoLLC_GEN,20,-0.0
92,EdgecombeGencoLLC_GEN,21,-0.0
93,EdgecombeGencoLLC_GEN,22,-0.0
94,EdgecombeGencoLLC_GEN,23,-0.0
95,EdgecombeGencoLLC_GEN,24,-0.0
96,GGAllen_1,1,0.0
97,GGAllen_1,2,0.0
98,GGAllen_1,3,0.0
99,GGAllen_1,4,0.0
100,GGAllen_1,5,0.0
101,GGAllen_1,6,0.0
102,GGAllen_1,7,0.0
103,GGAllen_1,8,0.0
104,GGAllen_1,9,0.0
105,GGAllen_1,10,0.0
106,GGAllen_1,11,0.0
107,GGAllen_1,12,0.0
108,GGAllen_1,13,0.0
109,GGAllen_1,14,0.0
110,GGAllen_1,15,0.0
111,GGAllen_1,16,0.0
112,GGAllen_1,17,0.0
113,GGAllen_1,18,0.0
114,GGAllen_1,19,0.0
115,GGAllen_1,20,0.0
116,GGAllen_1,21,0.0
117,GGAllen_1,22,0.0
118,GGAllen_1,23,0.0
119,GGAllen_1,24,0.0
120,JamesERogersEnergyComplex,1,0.0
121,JamesERogersEnergyComplex,2,0.0
122,JamesERogersEnergyComplex,3,0.0
123,JamesERogersEnergyComplex,4,0.0
124,JamesERogersEnergyComplex,5,0.0
125,JamesERogersEnergyComplex,6,0.0
126,JamesERogersEnergyComplex,7,0.0
127,JamesERogersEnergyComplex,8,0.0
128,JamesERogersEnergyComplex,9,0.0
129,JamesERogersEnergyComplex,10,0.0
130,JamesERogersEnergyComplex,11,0.0
131,JamesERogersEnergyComplex,12,0.0
132,JamesERogersEnergyComplex,13,0.0
133,JamesERogersEnergyComplex,14,0.0
134,JamesERogersEnergyComplex,15,0.0
135,JamesERogersEnergyComplex,16,0.0
136,JamesERogersEnergyComplex,17,0.0
137,JamesERogersEnergyComplex,18,0.0
138,JamesERogersEnergyComplex,19,0.0
139,JamesERogersEnergyComplex,20,0.0
140,JamesERogersEnergyComplex,21,0.0
141,JamesERogersEnergyComplex,22,0.0
142,JamesERogersEnergyComplex,23,0.0
143,JamesERogersEnergyComplex,24,0.0
144,Marshall_NC,1,-0.0
145,Marshall_NC,2,-0.0
146,Marshall_NC,3,-0.0
147,Marshall_NC,4,-0.0
148,Marshall_NC,5,-0.0
149,Marshall_NC,6,-0.0
150,Marshall_NC,7,-0.0
151,Marshall_NC,8,-0.0
152,Marshall_NC,9,-0.0
153,Marshall_NC,10,-0.0
154,Marshall_NC,11,-0.0
155,Marshall_NC,12,-0.0
156,Marshall_NC,13,-0.0
157,Marshall_NC,14,-0.0
158,Marshall_NC,15,-0.0
159,Marshall_NC,16,-0.0
160,Marshall_NC,17,-0.0
161,Marshall_NC,18,-0.0
162,Marshall_NC,19,-0.0
163,Marshall_NC,20,-0.0
164,Marshall_NC,21,-0.0
165,Marshall_NC,22,-0.0
166,Marshall_NC,23,-0.0
167,Marshall_NC,24,-0.0
168,Mayo_1,1,-0.0
169,Mayo_1,2,-0.0
170,Mayo_1,3,-0.0
171,Mayo_1,4,-0.0
172,Mayo_1,5,-0.0
173,Mayo_1,6,-0.0
174,Mayo_1,7,-0.0
175,Mayo_1,8,-0.0
176,Mayo_1,9,-0.0
177,Mayo_1,10,-0.0
178,Mayo_1,11,-0.0
179,Mayo_1,12,-0.0
180,Mayo_1,13,-0.0
181,Mayo_1,14,-0.0
182,Mayo_1,15,-0.0
183,Mayo_1,16,-0.0
184,Mayo_1,17,-0.0
185,Mayo_1,18,-0.0
186,Mayo_1,19,-0.0
187,Mayo_1,20,-0.0
188,Mayo_1,21,-0.0
189,Mayo_1,22,-0.0
190,Mayo_1,23,-0.0
191,Mayo_1,24,-0.0
192,Roxboro_12,1,0.0
193,Roxboro_12,2,0.0
194,Roxboro_12,3,0.0
195,Roxboro_12,4,0.0
196,Roxboro_12,5,0.0
197,Roxboro_12,6,0.0
198,Roxboro_12,7,0.0
199,Roxboro_12,8,0.0
200,Roxboro_12,9,0.0
201,Roxboro_12,10,0.0
202,Roxboro_12,11,0.0
203,Roxboro_12,12,0.0
204,Roxboro_12,13,0.0
205,Roxboro_12,14,0.0
206,Roxboro_12,15,0.0
207,Roxboro_12,16,0.0
208,Roxboro_12,17,0.0
209,Roxboro_12,18,0.0
210,Roxboro_12,19,0.0
211,Roxboro_12,20,0.0
212,Roxboro_12,21,0.0
213,Roxboro_12,22,0.0
214,Roxboro_12,23,0.0
215,Roxboro_12,24,0.0
216,Roxboro_34,1,0.0
217,Roxboro_34,2,0.0
218,Roxboro_34,3,0.0
219,Roxboro_34,4,0.0
220,Roxboro_34,5,0.0
221,Roxboro_34,6,0.0
222,Roxboro_34,7,0.0
223,Roxboro_34,8,0.0
224,Roxboro_34,9,0.0
225,Roxboro_34,10,0.0
226,Roxboro_34,11,0.0
227,Roxboro_34,12,0.0
228,Roxboro_34,13,0.0
229,Roxboro_34,14,0.0
230,Roxboro_34,15,0.0
231,Roxboro_34,16,0.0
232,Roxboro_34,17,0.0
233,Roxboro_34,18,0.0
234,Roxboro_34,19,0.0
235,Roxboro_34,20,0.0
236,Roxboro_34,21,0.0
237,Roxboro_34,22,0.0
238,Roxboro_34,23,0.0
239,Roxboro_34,24,0.0
240,UnivofNCChapelHillCogenFacility_TG3,1,-0.0
241,UnivofNCChapelHillCogenFacility_TG3,2,-0.0
242,UnivofNCChapelHillCogenFacility_TG3,3,-0.0
243,UnivofNCChapelHillCogenFacility_TG3,4,-0.0
244,UnivofNCChapelHillCogenFacility_TG3,5,-0.0
245,UnivofNCChapelHillCogenFacility_TG3,6,-0.0
246,UnivofNCChapelHillCogenFacility_TG3,7,-0.0
247,UnivofNCChapelHillCogenFacility_TG3,8,-0.0
248,UnivofNCChapelHillCogenFacility_TG3,9,-0.0
249,UnivofNCChapelHillCogenFacility_TG3,10,-0.0
250,UnivofNCChapelHillCogenFacility_TG3,11,-0.0
251,UnivofNCChapelHillCogenFacility_TG3,12,-0.0
252,UnivofNCChapelHillCogenFacility_TG3,13,-0.0
253,UnivofNCChapelHillCogenFacility_TG3,14,-0.0
254,UnivofNCChapelHillCogenFacility_TG3,15,-0.0
255,UnivofNCChapelHillCogenFacility_TG3,16,-0.0
256,UnivofNCChapelHillCogenFacility_TG3,17,-0.0
257,UnivofNCChapelHillCogenFacility_TG3,18,-0.0
258,UnivofNCChapelHillCogenFacility_TG3,19,-0.0
259,UnivofNCChapelHillCogenFacility_TG3,20,-0.0
260,UnivofNCChapelHillCogenFacility_TG3,21,-0.0
261,UnivofNCChapelHillCogenFacility_TG3,22,-0.0
262,UnivofNCChapelHillCogenFacility_TG3,23,-0.0
263,UnivofNCChapelHillCogenFacility_TG3,24,-0.0
264,Albemarle_oil,1,0.0
265,Albemarle_oil,2,0.0
266,Albemarle_oil,3,0.0
267,Albemarle_oil,4,0.0
268,Albemarle_oil,5,0.0
269,Albemarle_oil,6,0.0
270,Albemarle_oil,7,0.0
271,Albemarle_oil,8,0.0
272,Albemarle_oil,9,0.0
273,Albemarle_oil,10,0.0
274,Albemarle_oil,11,0.0
275,Albemarle_oil,12,0.0
276,Albemarle_oil,13,0.0
277,Albemarle_oil,14,0.0
278,Albemarle_oil,15,0.0
279,Albemarle_oil,16,0.0
280,Albemarle_oil,17,0.0
281,Albemarle_oil,18,0.0
282,Albemarle_oil,19,0.0
283,Albemarle_oil,20,0.0
284,Albemarle_oil,21,0.0
285,Albemarle_oil,22,0.0
286,Albemarle_oil,23,0.0
287,Albemarle_oil,24,0.0
288,Blewett_GT1,1,0.0
289,Blewett_GT1,2,0.0
290,Blewett_GT1,3,0.0
291,Blewett_GT1,4,0.0
292,Blewett_GT1,5,0.0
293,Blewett_GT1,6,0.0
294,Blewett_GT1,7,0.0
295,Blewett_GT1,8,0.0
296,Blewett_GT1,9,0.0
297,Blewett_GT1,10,0.0
298,Blewett_GT1,11,0.0
299,Blewett_GT1,12,0.0
300,Blewett_GT1,13,0.0
301,Blewett_GT1,14,0.0
302,Blewett_GT1,15,0.0
303,Blewett_GT1,16,0.0
304,Blewett_GT1,17,0.0
305,Blewett_GT1,18,0.0
306,Blewett_GT1,19,0.0
307,Blewett_GT1,20,0.0
308,Blewett_GT1,21,0.0
309,Blewett_GT1,22,0.0
310,Blewett_GT1,23,0.0
311,Blewett_GT1,24,0.0
312,BosticDeliveryNo2_1,1,0.0
313,BosticDeliveryNo2_1,2,0.0
314,BosticDeliveryNo2_1,3,-4.5363712786183896e-13
315,BosticDeliveryNo2_1,4,-3.8413716652030416e-14
316,BosticDeliveryNo2_1,5,1.5787371410169726e-13
317,BosticDeliveryNo2_1,6,-2.560174294785611e-13
318,BosticDeliveryNo2_1,7,5.81756864903582e-14
319,BosticDeliveryNo2_1,8,2.113864638886298e-13
320,BosticDeliveryNo2_1,9,-2.544631172440859e-13
321,BosticDeliveryNo2_1,10,5.750955267558311e-13
322,BosticDeliveryNo2_1,11,0.0
323,BosticDeliveryNo2_1,12,0.0
324,BosticDeliveryNo2_1,13,0.0
325,BosticDeliveryNo2_1,14,0.0
326,BosticDeliveryNo2_1,15,0.0
327,BosticDeliveryNo2_1,16,0.0
328,BosticDeliveryNo2_1,17,0.0
329,BosticDeliveryNo2_1,18,0.0
330,BosticDeliveryNo2_1,19,0.0
331,BosticDeliveryNo2_1,20,0.0
332,BosticDeliveryNo2_1,21,0.0
333,BosticDeliveryNo2_1,22,0.0
334,BosticDeliveryNo2_1,23,0.0
335,BosticDeliveryNo2_1,24,0.0
336,Buxton_oil,1,0.0
337,Buxton_oil,2,0.0
338,Buxton_oil,3,3.062439191126032e-12
339,Buxton_oil,4,0.0
340,Buxton_oil,5,0.0
341,Buxton_oil,6,0.0
342,Buxton_oil,7,0.0
343,Buxton_oil,8,0.0
344,Buxton_oil,9,0.0
345,Buxton_oil,10,0.0
346,Buxton_oil,11,0.0
347,Buxton_oil,12,0.0
348,Buxton_oil,13,0.0
349,Buxton_oil,14,0.0
350,Buxton_oil,15,0.0
351,Buxton_oil,16,0.0
352,Buxton_oil,17,0.0
353,Buxton_oil,18,0.0
354,Buxton_oil,19,0.0
355,Buxton_oil,20,0.0
356,Buxton_oil,21,0.0
357,Buxton_oil,22,0.0
358,Buxton_oil,23,0.0
359,Buxton_oil,24,0.0
360,CatawbaRiverPollutionControl_1234,1,0.0
361,CatawbaRiverPollutionControl_1234,2,0.0
362,CatawbaRiverPollutionControl_1234,3,0.0
363,CatawbaRiverPollutionControl_1234,4,0.0
364,CatawbaRiverPollutionControl_1234,5,0.0
365,CatawbaRiverPollutionControl_1234,6,0.0
366,CatawbaRiverPollutionControl_1234,7,0.0
367,CatawbaRiverPollutionControl_1234,8,0.0
368,CatawbaRiverPollutionControl_1234,9,0.0
369,CatawbaRiverPollutionControl_1234,10,0.0
370,CatawbaRiverPollutionControl_1234,11,0.0
371,CatawbaRiverPollutionControl_1234,12,0.0
372,CatawbaRiverPollutionControl_1234,13,0.0
373,CatawbaRiverPollutionControl_1234,14,0.0
374,CatawbaRiverPollutionControl_1234,15,0.0
375,CatawbaRiverPollutionControl_1234,16,0.0
376,CatawbaRiverPollutionControl_1234,17,0.0
377,CatawbaRiverPollutionControl_1234,18,0.0
378,CatawbaRiverPollutionControl_1234,19,0.0
379,CatawbaRiverPollutionControl_1234,20,0.0
380,CatawbaRiverPollutionControl_1234,21,0.0
381,CatawbaRiverPollutionControl_1234,22,0.0
382,CatawbaRiverPollutionControl_1234,23,0.0
383,CatawbaRiverPollutionControl_1234,24,0.0
384,CenturyLinkRegionalHQ,1,0.0
385,CenturyLinkRegionalHQ,2,0.0
386,CenturyLinkRegionalHQ,3,0.0
387,CenturyLinkRegionalHQ,4,0.0
388,CenturyLinkRegionalHQ,5,0.0
389,CenturyLinkRegionalHQ,6,0.0
390,CenturyLinkRegionalHQ,7,0.0
391,CenturyLinkRegionalHQ,8,0.0
392,CenturyLinkRegionalHQ,9,0.0
393,CenturyLinkRegionalHQ,10,0.0
394,CenturyLinkRegionalHQ,11,0.0
395,CenturyLinkRegionalHQ,12,0.0
396,CenturyLinkRegionalHQ,13,0.0
397,CenturyLinkRegionalHQ,14,0.0
398,CenturyLinkRegionalHQ,15,0.0
399,CenturyLinkRegionalHQ,16,0.0
400,CenturyLinkRegionalHQ,17,0.0
401,CenturyLinkRegionalHQ,18,0.0
402,CenturyLinkRegionalHQ,19,0.0
403,CenturyLinkRegionalHQ,20,0.0
404,CenturyLinkRegionalHQ,21,0.0
405,CenturyLinkRegionalHQ,22,0.0
406,CenturyLinkRegionalHQ,23,0.0
407,CenturyLinkRegionalHQ,24,0.0
408,CorneliusDeliveryNo1_1,1,0.0
409,CorneliusDeliveryNo1_1,2,0.0
410,CorneliusDeliveryNo1_1,3,0.0
411,CorneliusDeliveryNo1_1,4,0.0
412,CorneliusDeliveryNo1_1,5,0.0
413,CorneliusDeliveryNo1_1,6,0.0
414,CorneliusDeliveryNo1_1,7,0.0
415,CorneliusDeliveryNo1_1,8,0.0
416,CorneliusDeliveryNo1_1,9,0.0
417,CorneliusDeliveryNo1_1,10,0.0
418,CorneliusDeliveryNo1_1,11,0.0
419,CorneliusDeliveryNo1_1,12,0.0
420,CorneliusDeliveryNo1_1,13,0.0
421,CorneliusDeliveryNo1_1,14,0.0
422,CorneliusDeliveryNo1_1,15,0.0
423,CorneliusDeliveryNo1_1,16,0.0
424,CorneliusDeliveryNo1_1,17,0.0
425,CorneliusDeliveryNo1_1,18,0.0
426,CorneliusDeliveryNo1_1,19,0.0
427,CorneliusDeliveryNo1_1,20,0.0
428,CorneliusDeliveryNo1_1,21,0.0
429,CorneliusDeliveryNo1_1,22,0.0
430,CorneliusDeliveryNo1_1,23,0.0
431,CorneliusDeliveryNo1_1,24,0.0
432,EastsideWWTP,1,0.0
433,EastsideWWTP,2,0.0
434,EastsideWWTP,3,0.0
435,EastsideWWTP,4,0.0
436,EastsideWWTP,5,0.0
437,EastsideWWTP,6,0.0
438,EastsideWWTP,7,0.0
439,EastsideWWTP,8,0.0
440,EastsideWWTP,9,0.0
441,EastsideWWTP,10,0.0
442,EastsideWWTP,11,0.0
443,EastsideWWTP,12,0.0
444,EastsideWWTP,13,0.0
445,EastsideWWTP,14,0.0
446,EastsideWWTP,15,0.0
447,EastsideWWTP,16,0.0
448,EastsideWWTP,17,0.0
449,EastsideWWTP,18,0.0
450,EastsideWWTP,19,0.0
451,EastsideWWTP,20,0.0
452,EastsideWWTP,21,0.0
453,EastsideWWTP,22,0.0
454,EastsideWWTP,23,0.0
455,EastsideWWTP,24,0.0
456,EdentonGenerators,1,0.0
457,EdentonGenerators,2,0.0
458,EdentonGenerators,3,0.0
459,EdentonGenerators,4,3.1631617403355334e-12
460,EdentonGenerators,5,0.0
461,EdentonGenerators,6,0.0
462,EdentonGenerators,7,6.5444725662114485e-12
463,EdentonGenerators,8,0.0
464,EdentonGenerators,9,0.0
465,EdentonGenerators,10,5.149876626506866e-12
466,EdentonGenerators,11,0.0
467,EdentonGenerators,12,0.0
468,EdentonGenerators,13,0.0
469,EdentonGenerators,14,0.0
470,EdentonGenerators,15,0.0
471,EdentonGenerators,16,0.0
472,EdentonGenerators,17,0.0
473,EdentonGenerators,18,0.0
474,EdentonGenerators,19,0.0
475,EdentonGenerators,20,0.0
476,EdentonGenerators,21,0.0
477,EdentonGenerators,22,0.0
478,EdentonGenerators,23,0.0
479,EdentonGenerators,24,0.0
480,GastonMemorialHospital_GMH1,1,0.0
481,GastonMemorialHospital_GMH1,2,0.0
482,GastonMemorialHospital_GMH1,3,6.296405891796955e-13
483,GastonMemorialHospital_GMH1,4,1.1155520951433573e-12
484,GastonMemorialHospital_GMH1,5,0.0
485,GastonMemorialHospital_GMH1,6,0.0
486,GastonMemorialHospital_GMH1,7,0.0
487,GastonMemorialHospital_GMH1,8,0.0
488,GastonMemorialHospital_GMH1,9,0.0
489,GastonMemorialHospital_GMH1,10,0.0
490,GastonMemorialHospital_GMH1,11,0.0
491,GastonMemorialHospital_GMH1,12,0.0
492,GastonMemorialHospital_GMH1,13,0.0
493,GastonMemorialHospital_GMH1,14,0.0
494,GastonMemorialHospital_GMH1,15,0.0
495,GastonMemorialHospital_GMH1,16,0.0
496,GastonMemorialHospital_GMH1,17,0.0
497,GastonMemorialHospital_GMH1,18,0.0
498,GastonMemorialHospital_GMH1,19,0.0
499,GastonMemorialHospital_GMH1,20,0.0
500,GastonMemorialHospital_GMH1,21,0.0
501,GastonMemorialHospital_GMH1,22,0.0
502,GastonMemorialHospital_GMH1,23,0.0
503,GastonMemorialHospital_GMH1,24,0.0
504,GraniteFallsWalmart_1,1,0.0
505,GraniteFallsWalmart_1,2,2.0876442520463475e-13
506,GraniteFallsWalmart_1,3,0.0
507,GraniteFallsWalmart_1,4,0.0
508,GraniteFallsWalmart_1,5,0.0
509,GraniteFallsWalmart_1,6,0.0
510,GraniteFallsWalmart_1,7,0.0
511,GraniteFallsWalmart_1,8,0.0
512,GraniteFallsWalmart_1,9,0.0
513,GraniteFallsWalmart_1,10,0.0
514,GraniteFallsWalmart_1,11,0.0
515,GraniteFallsWalmart_1,12,0.0
516,GraniteFallsWalmart_1,13,0.0
517,GraniteFallsWalmart_1,14,0.0
518,GraniteFallsWalmart_1,15,0.0
519,GraniteFallsWalmart_1,16,0.0
520,GraniteFallsWalmart_1,17,0.0
521,GraniteFallsWalmart_1,18,0.0
522,GraniteFallsWalmart_1,19,0.0
523,GraniteFallsWalmart_1,20,0.0
524,GraniteFallsWalmart_1,21,0.0
525,GraniteFallsWalmart_1,22,0.0
526,GraniteFallsWalmart_1,23,0.0
527,GraniteFallsWalmart_1,24,0.0
528,HuntersvilleDeliveryNo2_1,1,0.0
529,HuntersvilleDeliveryNo2_1,2,0.0
530,HuntersvilleDeliveryNo2_1,3,0.0
531,HuntersvilleDeliveryNo2_1,4,0.0
532,HuntersvilleDeliveryNo2_1,5,0.0
533,HuntersvilleDeliveryNo2_1,6,0.0
534,HuntersvilleDeliveryNo2_1,7,0.0
535,HuntersvilleDeliveryNo2_1,8,0.0
536,HuntersvilleDeliveryNo2_1,9,0.0
537,HuntersvilleDeliveryNo2_1,10,0.0
538,HuntersvilleDeliveryNo2_1,11,0.0
539,HuntersvilleDeliveryNo2_1,12,0.0
540,HuntersvilleDeliveryNo2_1,13,0.0
541,HuntersvilleDeliveryNo2_1,14,0.0
542,HuntersvilleDeliveryNo2_1,15,0.0
543,HuntersvilleDeliveryNo2_1,16,0.0
544,HuntersvilleDeliveryNo2_1,17,0.0
545,HuntersvilleDeliveryNo2_1,18,0.0
546,HuntersvilleDeliveryNo2_1,19,0.0
547,HuntersvilleDeliveryNo2_1,20,0.0
548,HuntersvilleDeliveryNo2_1,21,0.0
549,HuntersvilleDeliveryNo2_1,22,0.0
550,HuntersvilleDeliveryNo2_1,23,0.0
551,HuntersvilleDeliveryNo2_1,24,0.0
552,LandisDeliveryNo2_1,1,0.0
553,LandisDeliveryNo2_1,2,3.904372837796604e-13
554,LandisDeliveryNo2_1,3,0.0
555,LandisDeliveryNo2_1,4,-1.0496654051001479e-13
556,LandisDeliveryNo2_1,5,1.0496654051001479e-13
557,LandisDeliveryNo2_1,6,-1.1970222792776688e-13
558,LandisDeliveryNo2_1,7,1.1970222792776688e-13
559,LandisDeliveryNo2_1,8,0.0
560,LandisDeliveryNo2_1,9,0.0
561,LandisDeliveryNo2_1,10,0.0
562,LandisDeliveryNo2_1,11,0.0
563,LandisDeliveryNo2_1,12,0.0
564,LandisDeliveryNo2_1,13,0.0
565,LandisDeliveryNo2_1,14,0.0
566,LandisDeliveryNo2_1,15,0.0
567,LandisDeliveryNo2_1,16,0.0
568,LandisDeliveryNo2_1,17,0.0
569,LandisDeliveryNo2_1,18,0.0
570,LandisDeliveryNo2_1,19,0.0
571,LandisDeliveryNo2_1,20,0.0
572,LandisDeliveryNo2_1,21,0.0
573,LandisDeliveryNo2_1,22,0.0
574,LandisDeliveryNo2_1,23,0.0
575,LandisDeliveryNo2_1,24,0.0
576,MorgantonStation5_1,1,0.0
577,MorgantonStation5_1,2,0.0
578,MorgantonStation5_1,3,0.0
579,MorgantonStation5_1,4,0.0
580,MorgantonStation5_1,5,0.0
581,MorgantonStation5_1,6,0.0
582,MorgantonStation5_1,7,0.0
583,MorgantonStation5_1,8,0.0
584,MorgantonStation5_1,9,0.0
585,MorgantonStation5_1,10,0.0
586,MorgantonStation5_1,11,0.0
587,MorgantonStation5_1,12,0.0
588,MorgantonStation5_1,13,0.0
589,MorgantonStation5_1,14,0.0
590,MorgantonStation5_1,15,0.0
591,MorgantonStation5_1,16,0.0
592,MorgantonStation5_1,17,0.0
593,MorgantonStation5_1,18,0.0
594,MorgantonStation5_1,19,0.0
595,MorgantonStation5_1,20,0.0
596,MorgantonStation5_1,21,0.0
597,MorgantonStation5_1,22,0.0
598,MorgantonStation5_1,23,0.0
599,MorgantonStation5_1,24,0.0
600,MurphyBrownLLC,1,0.0
601,MurphyBrownLLC,2,0.0
602,MurphyBrownLLC,3,0.0
603,MurphyBrownLLC,4,0.0
604,MurphyBrownLLC,5,0.0
605,MurphyBrownLLC,6,0.0
606,MurphyBrownLLC,7,0.0
607,MurphyBrownLLC,8,0.0
608,MurphyBrownLLC,9,0.0
609,MurphyBrownLLC,10,0.0
610,MurphyBrownLLC,11,0.0
611,MurphyBrownLLC,12,0.0
612,MurphyBrownLLC,13,0.0
613,MurphyBrownLLC,14,0.0
614,MurphyBrownLLC,15,0.0
615,MurphyBrownLLC,16,0.0
616,MurphyBrownLLC,17,0.0
617,MurphyBrownLLC,18,0.0
618,MurphyBrownLLC,19,0.0
619,MurphyBrownLLC,20,0.0
620,MurphyBrownLLC,21,0.0
621,MurphyBrownLLC,22,0.0
622,MurphyBrownLLC,23,0.0
623,MurphyBrownLLC,24,0.0
624,Ocracoke_1,1,0.0
625,Ocracoke_1,2,0.0
626,Ocracoke_1,3,0.0
627,Ocracoke_1,4,3.1678363635971136e-12
628,Ocracoke_1,5,0.0
629,Ocracoke_1,6,0.0
630,Ocracoke_1,7,0.0
631,Ocracoke_1,8,0.0
632,Ocracoke_1,9,0.0
633,Ocracoke_1,10,0.0
634,Ocracoke_1,11,0.0
635,Ocracoke_1,12,0.0
636,Ocracoke_1,13,0.0
637,Ocracoke_1,14,0.0
638,Ocracoke_1,15,0.0
639,Ocracoke_1,16,0.0
640,Ocracoke_1,17,0.0
641,Ocracoke_1,18,0.0
642,Ocracoke_1,19,0.0
643,Ocracoke_1,20,0.0
644,Ocracoke_1,21,0.0
645,Ocracoke_1,22,0.0
646,Ocracoke_1,23,0.0
647,Ocracoke_1,24,0.0
648,oil_15630,1,0.0
649,oil_15630,2,0.0
650,oil_15630,3,0.0
651,oil_15630,4,0.0
652,oil_15630,5,0.0
653,oil_15630,6,0.0
654,oil_15630,7,0.0
655,oil_15630,8,0.0
656,oil_15630,9,0.0
657,oil_15630,10,0.0
658,oil_15630,11,0.0
659,oil_15630,12,0.0
660,oil_15630,13,0.0
661,oil_15630,14,0.0
662,oil_15630,15,0.0
663,oil_15630,16,0.0
664,oil_15630,17,0.0
665,oil_15630,18,0.0
666,oil_15630,19,0.0
667,oil_15630,20,0.0
668,oil_15630,21,0.0
669,oil_15630,22,0.0
670,oil_15630,23,0.0
671,oil_15630,24,0.0
672,oil_29284,1,0.0
673,oil_29284,2,0.0
674,oil_29284,3,0.0
675,oil_29284,4,0.0
676,oil_29284,5,0.0
677,oil_29284,6,0.0
678,oil_29284,7,0.0
679,oil_29284,8,0.0
680,oil_29284,9,0.0
681,oil_29284,10,0.0
682,oil_29284,11,0.0
683,oil_29284,12,0.0
684,oil_29284,13,0.0
685,oil_29284,14,0.0
686,oil_29284,15,0.0
687,oil_29284,16,0.0
688,oil_29284,17,0.0
689,oil_29284,18,0.0
690,oil_29284,19,0.0
691,oil_29284,20,0.0
692,oil_29284,21,0.0
693,oil_29284,22,0.0
694,oil_29284,23,0.0
695,oil_29284,24,0.0
696,oil_4517,1,0.0
697,oil_4517,2,0.0
698,oil_4517,3,0.0
699,oil_4517,4,0.0
700,oil_4517,5,0.0
701,oil_4517,6,0.0
702,oil_4517,7,0.0
703,oil_4517,8,0.0
704,oil_4517,9,0.0
705,oil_4517,10,0.0
706,oil_4517,11,0.0
707,oil_4517,12,0.0
708,oil_4517,13,0.0
709,oil_4517,14,0.0
710,oil_4517,15,0.0
711,oil_4517,16,0.0
712,oil_4517,17,0.0
713,oil_4517,18,0.0
714,oil_4517,19,0.0
715,oil_4517,20,0.0
716,oil_4517,21,0.0
717,oil_4517,22,0.0
718,oil_4517,23,0.0
719,oil_4517,24,0.0
720,oil_6954,1,0.0
721,oil_6954,2,0.0
722,oil_6954,3,0.0
723,oil_6954,4,0.0
724,oil_6954,5,0.0
725,oil_6954,6,0.0
726,oil_6954,7,0.0
727,oil_6954,8,0.0
728,oil_6954,9,0.0
729,oil_6954,10,0.0
730,oil_6954,11,0.0
731,oil_6954,12,0.0
732,oil_6954,13,0.0
733,oil_6954,14,0.0
734,oil_6954,15,0.0
735,oil_6954,16,0.0
736,oil_6954,17,0.0
737,oil_6954,18,0.0
738,oil_6954,19,0.0
739,oil_6954,20,0.0
740,oil_6954,21,0.0
741,oil_6954,22,0.0
742,oil_6954,23,0.0
743,oil_6954,24,0.0
744,oil_7041,1,0.0
745,oil_7041,2,0.0
746,oil_7041,3,0.0
747,oil_7041,4,0.0
748,oil_7041,5,0.0
749,oil_7041,6,0.0
750,oil_7041,7,0.0
751,oil_7041,8,0.0
752,oil_7041,9,0.0
753,oil_7041,10,0.0
754,oil_7041,11,0.0
755,oil_7041,12,0.0
756,oil_7041,13,0.0
757,oil_7041,14,0.0
758,oil_7041,15,0.0
759,oil_7041,16,0.0
760,oil_7041,17,0.0
761,oil_7041,18,0.0
762,oil_7041,19,0.0
763,oil_7041,20,0.0
764,oil_7041,21,0.0
765,oil_7041,22,0.0
766,oil_7041,23,0.0
767,oil_7041,24,0.0
768,PinevilleDelivery2_1,1,0.0
769,PinevilleDelivery2_1,2,0.0
770,PinevilleDelivery2_1,3,0.0
771,PinevilleDelivery2_1,4,0.0
772,PinevilleDelivery2_1,5,0.0
773,PinevilleDelivery2_1,6,0.0
774,PinevilleDelivery2_1,7,0.0
775,PinevilleDelivery2_1,8,0.0
776,PinevilleDelivery2_1,9,0.0
777,PinevilleDelivery2_1,10,0.0
778,PinevilleDelivery2_1,11,0.0
779,PinevilleDelivery2_1,12,0.0
780,PinevilleDelivery2_1,13,0.0
781,PinevilleDelivery2_1,14,0.0
782,PinevilleDelivery2_1,15,0.0
783,PinevilleDelivery2_1,16,0.0
784,PinevilleDelivery2_1,17,0.0
785,PinevilleDelivery2_1,18,0.0
786,PinevilleDelivery2_1,19,0.0
787,PinevilleDelivery2_1,20,0.0
788,PinevilleDelivery2_1,21,0.0
789,PinevilleDelivery2_1,22,0.0
790,PinevilleDelivery2_1,23,0.0
791,PinevilleDelivery2_1,24,0.0
792,RosemaryPowerStation,1,0.0
793,RosemaryPowerStation,2,0.0
794,RosemaryPowerStation,3,0.0
795,RosemaryPowerStation,4,0.0
796,RosemaryPowerStation,5,0.0
797,RosemaryPowerStation,6,0.0
798,RosemaryPowerStation,7,0.0
799,RosemaryPowerStation,8,0.0
800,RosemaryPowerStation,9,0.0
801,RosemaryPowerStation,10,0.0
802,RosemaryPowerStation,11,0.0
803,RosemaryPowerStation,12,0.0
804,RosemaryPowerStation,13,0.0
805,RosemaryPowerStation,14,0.0
806,RosemaryPowerStation,15,0.0
807,RosemaryPowerStation,16,0.0
808,RosemaryPowerStation,17,0.0
809,RosemaryPowerStation,18,0.0
810,RosemaryPowerStation,19,0.0
811,RosemaryPowerStation,20,0.0
812,RosemaryPowerStation,21,0.0
813,RosemaryPowerStation,22,0.0
814,RosemaryPowerStation,23,0.0
815,RosemaryPowerStation,24,0.0
816,ShelbyNC_GEN,1,0.0
817,ShelbyNC_GEN,2,0.0
818,ShelbyNC_GEN,3,0.0
819,ShelbyNC_GEN,4,0.0
820,ShelbyNC_GEN,5,0.0
821,ShelbyNC_GEN,6,0.0
822,ShelbyNC_GEN,7,0.0
823,ShelbyNC_GEN,8,0.0
824,ShelbyNC_GEN,9,0.0
825,ShelbyNC_GEN,10,0.0
826,ShelbyNC_GEN,11,0.0
827,ShelbyNC_GEN,12,0.0
828,ShelbyNC_GEN,13,0.0
829,ShelbyNC_GEN,14,0.0
830,ShelbyNC_GEN,15,0.0
831,ShelbyNC_GEN,16,0.0
832,ShelbyNC_GEN,17,0.0
833,ShelbyNC_GEN,18,0.0
834,ShelbyNC_GEN,19,0.0
835,ShelbyNC_GEN,20,0.0
836,ShelbyNC_GEN,21,0.0
837,ShelbyNC_GEN,22,0.0
838,ShelbyNC_GEN,23,0.0
839,ShelbyNC_GEN,24,0.0
840,SmithfieldFarmlandCorpBladen,1,0.0
841,SmithfieldFarmlandCorpBladen,2,0.0
842,SmithfieldFarmlandCorpBladen,3,0.0
843,SmithfieldFarmlandCorpBladen,4,0.0
844,SmithfieldFarmlandCorpBladen,5,0.0
845,SmithfieldFarmlandCorpBladen,6,0.0
846,SmithfieldFarmlandCorpBladen,7,0.0
847,SmithfieldFarmlandCorpBladen,8,0.0
848,SmithfieldFarmlandCorpBladen,9,0.0
849,SmithfieldFarmlandCorpBladen,10,0.0
850,SmithfieldFarmlandCorpBladen,11,0.0
851,SmithfieldFarmlandCorpBladen,12,0.0
852,SmithfieldFarmlandCorpBladen,13,0.0
853,SmithfieldFarmlandCorpBladen,14,0.0
854,SmithfieldFarmlandCorpBladen,15,0.0
855,SmithfieldFarmlandCorpBladen,16,0.0
856,SmithfieldFarmlandCorpBladen,17,0.0
857,SmithfieldFarmlandCorpBladen,18,0.0
858,SmithfieldFarmlandCorpBladen,19,0.0
859,SmithfieldFarmlandCorpBladen,20,0.0
860,SmithfieldFarmlandCorpBladen,21,0.0
861,SmithfieldFarmlandCorpBladen,22,0.0
862,SmithfieldFarmlandCorpBladen,23,0.0
863,SmithfieldFarmlandCorpBladen,24,0.0
864,SmithfieldPackagedMeatsCorp,1,0.0
865,SmithfieldPackagedMeatsCorp,2,0.0
866,SmithfieldPackagedMeatsCorp,3,0.0
867,SmithfieldPackagedMeatsCorp,4,0.0
868,SmithfieldPackagedMeatsCorp,5,0.0
869,SmithfieldPackagedMeatsCorp,6,0.0
870,SmithfieldPackagedMeatsCorp,7,0.0
871,SmithfieldPackagedMeatsCorp,8,0.0
872,SmithfieldPackagedMeatsCorp,9,0.0
873,SmithfieldPackagedMeatsCorp,10,0.0
874,SmithfieldPackagedMeatsCorp,11,0.0
875,SmithfieldPackagedMeatsCorp,12,0.0
876,SmithfieldPackagedMeatsCorp,13,0.0
877,SmithfieldPackagedMeatsCorp,14,0.0
878,SmithfieldPackagedMeatsCorp,15,0.0
879,SmithfieldPackagedMeatsCorp,16,0.0
880,SmithfieldPackagedMeatsCorp,17,0.0
881,SmithfieldPackagedMeatsCorp,18,0.0
882,SmithfieldPackagedMeatsCorp,19,0.0
883,SmithfieldPackagedMeatsCorp,20,0.0
884,SmithfieldPackagedMeatsCorp,21,0.0
885,SmithfieldPackagedMeatsCorp,22,0.0
886,SmithfieldPackagedMeatsCorp,23,0.0
887,SmithfieldPackagedMeatsCorp,24,0.0
888,SmithfieldPackagedMeatsCorp_1,1,0.0
889,SmithfieldPackagedMeatsCorp_1,2,0.0
890,SmithfieldPackagedMeatsCorp_1,3,0.0
891,SmithfieldPackagedMeatsCorp_1,4,0.0
892,SmithfieldPackagedMeatsCorp_1,5,0.0
893,SmithfieldPackagedMeatsCorp_1,6,0.0
894,SmithfieldPackagedMeatsCorp_1,7,0.0
895,SmithfieldPackagedMeatsCorp_1,8,-5.3290705182007514e-14
896,SmithfieldPackagedMeatsCorp_1,9,3.8960897999881386e-13
897,SmithfieldPackagedMeatsCorp_1,10,0.0
898,SmithfieldPackagedMeatsCorp_1,11,0.0
899,SmithfieldPackagedMeatsCorp_1,12,0.0
900,SmithfieldPackagedMeatsCorp_1,13,0.0
901,SmithfieldPackagedMeatsCorp_1,14,0.0
902,SmithfieldPackagedMeatsCorp_1,15,0.0
903,SmithfieldPackagedMeatsCorp_1,16,0.0
904,SmithfieldPackagedMeatsCorp_1,17,0.0
905,SmithfieldPackagedMeatsCorp_1,18,0.0
906,SmithfieldPackagedMeatsCorp_1,19,0.0
907,SmithfieldPackagedMeatsCorp_1,20,0.0
908,SmithfieldPackagedMeatsCorp_1,21,0.0
909,SmithfieldPackagedMeatsCorp_1,22,0.0
910,SmithfieldPackagedMeatsCorp_1,23,0.0
911,SmithfieldPackagedMeatsCorp_1,24,0.0
912,Statesville_oil,1,0.0
913,Statesville_oil,2,0.0
914,Statesville_oil,3,0.0
915,Statesville_oil,4,0.0
916,Statesville_oil,5,0.0
917,Statesville_oil,6,0.0
918,Statesville_oil,7,0.0
919,Statesville_oil,8,0.0
920,Statesville_oil,9,0.0
921,Statesville_oil,10,0.0
922,Statesville_oil,11,0.0
923,Statesville_oil,12,0.0
924,Statesville_oil,13,0.0
925,Statesville_oil,14,0.0
926,Statesville_oil,15,0.0
927,Statesville_oil,16,0.0
928,Statesville_oil,17,0.0
929,Statesville_oil,18,0.0
930,Statesville_oil,19,0.0
931,Statesville_oil,20,0.0
932,Statesville_oil,21,0.0
933,Statesville_oil,22,0.0
934,Statesville_oil,23,0.0
935,Statesville_oil,24,0.0
936,WaterFilterPlant2_1299,1,0.0
937,WaterFilterPlant2_1299,2,0.0
938,WaterFilterPlant2_1299,3,0.0
939,WaterFilterPlant2_1299,4,-1.450691418843538e-13
940,WaterFilterPlant2_1299,5,3.256654205567126e-14
941,WaterFilterPlant2_1299,6,-6.31593542897867e-14
942,WaterFilterPlant2_1299,7,5.4277570092785434e-14
943,WaterFilterPlant2_1299,8,-2.5658487680225837e-14
944,WaterFilterPlant2_1299,9,-3.256654205567125e-14
945,WaterFilterPlant2_1299,10,1.7960941376158089e-13
946,WaterFilterPlant2_1299,11,0.0
947,WaterFilterPlant2_1299,12,0.0
948,WaterFilterPlant2_1299,13,0.0
949,WaterFilterPlant2_1299,14,0.0
950,WaterFilterPlant2_1299,15,0.0
951,WaterFilterPlant2_1299,16,0.0
952,WaterFilterPlant2_1299,17,0.0
953,WaterFilterPlant2_1299,18,0.0
954,WaterFilterPlant2_1299,19,0.0
955,WaterFilterPlant2_1299,20,0.0
956,WaterFilterPlant2_1299,21,0.0
957,WaterFilterPlant2_1299,22,0.0
958,WaterFilterPlant2_1299,23,0.0
959,WaterFilterPlant2_1299,24,0.0
960,WHWeatherspoon_GT,1,0.0
961,WHWeatherspoon_GT,2,0.0
962,WHWeatherspoon_GT,3,0.0
963,WHWeatherspoon_GT,4,0.0
964,WHWeatherspoon_GT,5,0.0
965,WHWeatherspoon_GT,6,0.0
966,WHWeatherspoon_GT,7,0.0
967,WHWeatherspoon_GT,8,0.0
968,WHWeatherspoon_GT,9,0.0
969,WHWeatherspoon_GT,10,0.0
970,WHWeatherspoon_GT,11,0.0
971,WHWeatherspoon_GT,12,0.0
972,WHWeatherspoon_GT,13,0.0
973,WHWeatherspoon_GT,14,0.0
974,WHWeatherspoon_GT,15,0.0
975,WHWeatherspoon_GT,16,0.0
976,WHWeatherspoon_GT,17,0.0
977,WHWeatherspoon_GT,18,0.0
978,WHWeatherspoon_GT,19,0.0
979,WHWeatherspoon_GT,20,0.0
980,WHWeatherspoon_GT,21,0.0
981,WHWeatherspoon_GT,22,0.0
982,WHWeatherspoon_GT,23,0.0
983,WHWeatherspoon_GT,24,0.0
984,Asheville_ST,1,0.0
985,Asheville_ST,2,0.0
986,Asheville_ST,3,0.0
987,Asheville_ST,4,0.0
988,Asheville_ST,5,0.0
989,Asheville_ST,6,0.0
990,Asheville_ST,7,0.0
991,Asheville_ST,8,0.0
992,Asheville_ST,9,0.0
993,Asheville_ST,10,0.0
994,Asheville_ST,11,0.0
995,Asheville_ST,12,0.0
996,Asheville_ST,13,0.0
997,Asheville_ST,14,0.0
998,Asheville_ST,15,0.0
999,Asheville_ST,16,0.0
1000,Asheville_ST,17,0.0
1001,Asheville_ST,18,0.0
1002,Asheville_ST,19,0.0
1003,Asheville_ST,20,0.0
1004,Asheville_ST,21,0.0
1005,Asheville_ST,22,0.0
1006,Asheville_ST,23,0.0
1007,Asheville_ST,24,0.0
1008,Buck_CT,1,0.0
1009,Buck_CT,2,0.0
1010,Buck_CT,3,0.0
1011,Buck_CT,4,0.0
1012,Buck_CT,5,0.0
1013,Buck_CT,6,0.0
1014,Buck_CT,7,0.0
1015,Buck_CT,8,0.0
1016,Buck_CT,9,0.0
1017,Buck_CT,10,0.0
1018,Buck_CT,11,0.0
1019,Buck_CT,12,0.0
1020,Buck_CT,13,0.0
1021,Buck_CT,14,0.0
1022,Buck_CT,15,0.0
1023,Buck_CT,16,0.0
1024,Buck_CT,17,0.0
1025,Buck_CT,18,0.0
1026,Buck_CT,19,0.0
1027,Buck_CT,20,0.0
1028,Buck_CT,21,0.0
1029,Buck_CT,22,0.0
1030,Buck_CT,23,0.0
1031,Buck_CT,24,0.0
1032,ButlerWarnerGenerationPlant,1,0.0
1033,ButlerWarnerGenerationPlant,2,0.0
1034,ButlerWarnerGenerationPlant,3,0.0
1035,ButlerWarnerGenerationPlant,4,0.0
1036,ButlerWarnerGenerationPlant,5,0.0
1037,ButlerWarnerGenerationPlant,6,0.0
1038,ButlerWarnerGenerationPlant,7,0.0
1039,ButlerWarnerGenerationPlant,8,0.0
1040,ButlerWarnerGenerationPlant,9,0.0
1041,ButlerWarnerGenerationPlant,10,0.0
1042,ButlerWarnerGenerationPlant,11,0.0
1043,ButlerWarnerGenerationPlant,12,0.0
1044,ButlerWarnerGenerationPlant,13,0.0
1045,ButlerWarnerGenerationPlant,14,0.0
1046,ButlerWarnerGenerationPlant,15,0.0
1047,ButlerWarnerGenerationPlant,16,0.0
1048,ButlerWarnerGenerationPlant,17,0.0
1049,ButlerWarnerGenerationPlant,18,0.0
1050,ButlerWarnerGenerationPlant,19,0.0
1051,ButlerWarnerGenerationPlant,20,0.0
1052,ButlerWarnerGenerationPlant,21,0.0
1053,ButlerWarnerGenerationPlant,22,0.0
1054,ButlerWarnerGenerationPlant,23,0.0
1055,ButlerWarnerGenerationPlant,24,0.0
1056,DanRiver_CT,1,0.0
1057,DanRiver_CT,2,0.0
1058,DanRiver_CT,3,0.0
1059,DanRiver_CT,4,0.0
1060,DanRiver_CT,5,0.0
1061,DanRiver_CT,6,0.0
1062,DanRiver_CT,7,0.0
1063,DanRiver_CT,8,0.0
1064,DanRiver_CT,9,0.0
1065,DanRiver_CT,10,0.0
1066,DanRiver_CT,11,0.0
1067,DanRiver_CT,12,0.0
1068,DanRiver_CT,13,0.0
1069,DanRiver_CT,14,0.0
1070,DanRiver_CT,15,0.0
1071,DanRiver_CT,16,0.0
1072,DanRiver_CT,17,0.0
1073,DanRiver_CT,18,0.0
1074,DanRiver_CT,19,0.0
1075,DanRiver_CT,20,0.0
1076,DanRiver_CT,21,0.0
1077,DanRiver_CT,22,0.0
1078,DanRiver_CT,23,0.0
1079,DanRiver_CT,24,0.0
1080,HFLeeSteamElectricPlant,1,0.0
1081,HFLeeSteamElectricPlant,2,0.0
1082,HFLeeSteamElectricPlant,3,0.0
1083,HFLeeSteamElectricPlant,4,0.0
1084,HFLeeSteamElectricPlant,5,0.0
1085,HFLeeSteamElectricPlant,6,0.0
1086,HFLeeSteamElectricPlant,7,0.0
1087,HFLeeSteamElectricPlant,8,0.0
1088,HFLeeSteamElectricPlant,9,0.0
1089,HFLeeSteamElectricPlant,10,0.0
1090,HFLeeSteamElectricPlant,11,0.0
1091,HFLeeSteamElectricPlant,12,0.0
1092,HFLeeSteamElectricPlant,13,0.0
1093,HFLeeSteamElectricPlant,14,0.0
1094,HFLeeSteamElectricPlant,15,0.0
1095,HFLeeSteamElectricPlant,16,0.0
1096,HFLeeSteamElectricPlant,17,0.0
1097,HFLeeSteamElectricPlant,18,0.0
1098,HFLeeSteamElectricPlant,19,0.0
1099,HFLeeSteamElectricPlant,20,0.0
1100,HFLeeSteamElectricPlant,21,0.0
1101,HFLeeSteamElectricPlant,22,0.0
1102,HFLeeSteamElectricPlant,23,0.0
1103,HFLeeSteamElectricPlant,24,0.0
1104,KingsMountainEnergyCenter,1,0.0
1105,KingsMountainEnergyCenter,2,0.0
1106,KingsMountainEnergyCenter,3,0.0
1107,KingsMountainEnergyCenter,4,0.0
1108,KingsMountainEnergyCenter,5,0.0
1109,KingsMountainEnergyCenter,6,0.0
1110,KingsMountainEnergyCenter,7,0.0
1111,KingsMountainEnergyCenter,8,0.0
1112,KingsMountainEnergyCenter,9,0.0
1113,KingsMountainEnergyCenter,10,0.0
1114,KingsMountainEnergyCenter,11,0.0
1115,KingsMountainEnergyCenter,12,0.0
1116,KingsMountainEnergyCenter,13,0.0
1117,KingsMountainEnergyCenter,14,0.0
1118,KingsMountainEnergyCenter,15,0.0
1119,KingsMountainEnergyCenter,16,0.0
1120,KingsMountainEnergyCenter,17,0.0
1121,KingsMountainEnergyCenter,18,0.0
1122,KingsMountainEnergyCenter,19,0.0
1123,KingsMountainEnergyCenter,20,0.0
1124,KingsMountainEnergyCenter,21,0.0
1125,KingsMountainEnergyCenter,22,0.0
1126,KingsMountainEnergyCenter,23,0.0
1127,KingsMountainEnergyCenter,24,0.0
1128,LVSutton_CT,1,0.0
1129,LVSutton_CT,2,0.0
1130,LVSutton_CT,3,0.0
1131,LVSutton_CT,4,0.0
1132,LVSutton_CT,5,0.0
1133,LVSutton_CT,6,0.0
1134,LVSutton_CT,7,0.0
1135,LVSutton_CT,8,0.0
1136,LVSutton_CT,9,0.0
1137,LVSutton_CT,10,0.0
1138,LVSutton_CT,11,0.0
1139,LVSutton_CT,12,0.0
1140,LVSutton_CT,13,0.0
1141,LVSutton_CT,14,0.0
1142,LVSutton_CT,15,0.0
1143,LVSutton_CT,16,0.0
1144,LVSutton_CT,17,0.0
1145,LVSutton_CT,18,0.0
1146,LVSutton_CT,19,0.0
1147,LVSutton_CT,20,0.0
1148,LVSutton_CT,21,0.0
1149,LVSutton_CT,22,0.0
1150,LVSutton_CT,23,0.0
1151,LVSutton_CT,24,0.0
1152,Rowan_45,1,0.0
1153,Rowan_45,2,0.0
1154,Rowan_45,3,0.0
1155,Rowan_45,4,0.0
1156,Rowan_45,5,0.0
1157,Rowan_45,6,0.0
1158,Rowan_45,7,0.0
1159,Rowan_45,8,0.0
1160,Rowan_45,9,0.0
1161,Rowan_45,10,0.0
1162,Rowan_45,11,0.0
1163,Rowan_45,12,0.0
1164,Rowan_45,13,0.0
1165,Rowan_45,14,0.0
1166,Rowan_45,15,0.0
1167,Rowan_45,16,0.0
1168,Rowan_45,17,0.0
1169,Rowan_45,18,0.0
1170,Rowan_45,19,0.0
1171,Rowan_45,20,0.0
1172,Rowan_45,21,0.0
1173,Rowan_45,22,0.0
1174,Rowan_45,23,0.0
1175,Rowan_45,24,0.0
1176,SherwoodHSmithJrEnergyComplex,1,0.0
1177,SherwoodHSmithJrEnergyComplex,2,0.0
1178,SherwoodHSmithJrEnergyComplex,3,0.0
1179,SherwoodHSmithJrEnergyComplex,4,0.0
1180,SherwoodHSmithJrEnergyComplex,5,0.0
1181,SherwoodHSmithJrEnergyComplex,6,0.0
1182,SherwoodHSmithJrEnergyComplex,7,0.0
1183,SherwoodHSmithJrEnergyComplex,8,0.0
1184,SherwoodHSmithJrEnergyComplex,9,0.0
1185,SherwoodHSmithJrEnergyComplex,10,0.0
1186,SherwoodHSmithJrEnergyComplex,11,0.0
1187,SherwoodHSmithJrEnergyComplex,12,0.0
1188,SherwoodHSmithJrEnergyComplex,13,0.0
1189,SherwoodHSmithJrEnergyComplex,14,0.0
1190,SherwoodHSmithJrEnergyComplex,15,0.0
1191,SherwoodHSmithJrEnergyComplex,16,0.0
1192,SherwoodHSmithJrEnergyComplex,17,0.0
1193,SherwoodHSmithJrEnergyComplex,18,0.0
1194,SherwoodHSmithJrEnergyComplex,19,0.0
1195,SherwoodHSmithJrEnergyComplex,20,0.0
1196,SherwoodHSmithJrEnergyComplex,21,0.0
1197,SherwoodHSmithJrEnergyComplex,22,0.0
1198,SherwoodHSmithJrEnergyComplex,23,0.0
1199,SherwoodHSmithJrEnergyComplex,24,0.0
1200,AnsonCountyGenerationFacility,1,0.0
1201,AnsonCountyGenerationFacility,2,0.0
1202,AnsonCountyGenerationFacility,3,0.0
1203,AnsonCountyGenerationFacility,4,0.0
1204,AnsonCountyGenerationFacility,5,0.0
1205,AnsonCountyGenerationFacility,6,0.0
1206,AnsonCountyGenerationFacility,7,0.0
1207,AnsonCountyGenerationFacility,8,0.0
1208,AnsonCountyGenerationFacility,9,0.0
1209,AnsonCountyGenerationFacility,10,0.0
1210,AnsonCountyGenerationFacility,11,0.0
1211,AnsonCountyGenerationFacility,12,0.0
1212,AnsonCountyGenerationFacility,13,0.0
1213,AnsonCountyGenerationFacility,14,0.0
1214,AnsonCountyGenerationFacility,15,0.0
1215,AnsonCountyGenerationFacility,16,0.0
1216,AnsonCountyGenerationFacility,17,0.0
1217,AnsonCountyGenerationFacility,18,0.0
1218,AnsonCountyGenerationFacility,19,0.0
1219,AnsonCountyGenerationFacility,20,0.0
1220,AnsonCountyGenerationFacility,21,0.0
1221,AnsonCountyGenerationFacility,22,0.0
1222,AnsonCountyGenerationFacility,23,0.0
1223,AnsonCountyGenerationFacility,24,0.0
1224,ArcherDanielsMidlandSouthport,1,0.0
1225,ArcherDanielsMidlandSouthport,2,0.0
1226,ArcherDanielsMidlandSouthport,3,0.0
1227,ArcherDanielsMidlandSouthport,4,0.0
1228,ArcherDanielsMidlandSouthport,5,0.0
1229,ArcherDanielsMidlandSouthport,6,0.0
1230,ArcherDanielsMidlandSouthport,7,0.0
1231,ArcherDanielsMidlandSouthport,8,0.0
1232,ArcherDanielsMidlandSouthport,9,0.0
1233,ArcherDanielsMidlandSouthport,10,0.0
1234,ArcherDanielsMidlandSouthport,11,0.0
1235,ArcherDanielsMidlandSouthport,12,0.0
1236,ArcherDanielsMidlandSouthport,13,0.0
1237,ArcherDanielsMidlandSouthport,14,0.0
1238,ArcherDanielsMidlandSouthport,15,0.0
1239,ArcherDanielsMidlandSouthport,16,0.0
1240,ArcherDanielsMidlandSouthport,17,0.0
1241,ArcherDanielsMidlandSouthport,18,0.0
1242,ArcherDanielsMidlandSouthport,19,0.0
1243,ArcherDanielsMidlandSouthport,20,0.0
1244,ArcherDanielsMidlandSouthport,21,0.0
1245,ArcherDanielsMidlandSouthport,22,0.0
1246,ArcherDanielsMidlandSouthport,23,0.0
1247,ArcherDanielsMidlandSouthport,24,0.0
1248,Asheville_GT,1,0.0
1249,Asheville_GT,2,0.0
1250,Asheville_GT,3,0.0
1251,Asheville_GT,4,0.0
1252,Asheville_GT,5,0.0
1253,Asheville_GT,6,0.0
1254,Asheville_GT,7,0.0
1255,Asheville_GT,8,0.0
1256,Asheville_GT,9,0.0
1257,Asheville_GT,10,0.0
1258,Asheville_GT,11,0.0
1259,Asheville_GT,12,0.0
1260,Asheville_GT,13,0.0
1261,Asheville_GT,14,0.0
1262,Asheville_GT,15,0.0
1263,Asheville_GT,16,0.0
1264,Asheville_GT,17,0.0
1265,Asheville_GT,18,0.0
1266,Asheville_GT,19,0.0
1267,Asheville_GT,20,0.0
1268,Asheville_GT,21,0.0
1269,Asheville_GT,22,0.0
1270,Asheville_GT,23,0.0
1271,Asheville_GT,24,0.0
1272,ClevelandCntyGeneratingFacility,1,0.0
1273,ClevelandCntyGeneratingFacility,2,0.0
1274,ClevelandCntyGeneratingFacility,3,0.0
1275,ClevelandCntyGeneratingFacility,4,0.0
1276,ClevelandCntyGeneratingFacility,5,0.0
1277,ClevelandCntyGeneratingFacility,6,0.0
1278,ClevelandCntyGeneratingFacility,7,0.0
1279,ClevelandCntyGeneratingFacility,8,0.0
1280,ClevelandCntyGeneratingFacility,9,0.0
1281,ClevelandCntyGeneratingFacility,10,0.0
1282,ClevelandCntyGeneratingFacility,11,0.0
1283,ClevelandCntyGeneratingFacility,12,0.0
1284,ClevelandCntyGeneratingFacility,13,0.0
1285,ClevelandCntyGeneratingFacility,14,0.0
1286,ClevelandCntyGeneratingFacility,15,0.0
1287,ClevelandCntyGeneratingFacility,16,0.0
1288,ClevelandCntyGeneratingFacility,17,0.0
1289,ClevelandCntyGeneratingFacility,18,0.0
1290,ClevelandCntyGeneratingFacility,19,0.0
1291,ClevelandCntyGeneratingFacility,20,0.0
1292,ClevelandCntyGeneratingFacility,21,0.0
1293,ClevelandCntyGeneratingFacility,22,0.0
1294,ClevelandCntyGeneratingFacility,23,0.0
1295,ClevelandCntyGeneratingFacility,24,0.0
1296,DSMPharmaceuticals,1,0.0
1297,DSMPharmaceuticals,2,0.0
1298,DSMPharmaceuticals,3,0.0
1299,DSMPharmaceuticals,4,0.0
1300,DSMPharmaceuticals,5,0.0
1301,DSMPharmaceuticals,6,0.0
1302,DSMPharmaceuticals,7,0.0
1303,DSMPharmaceuticals,8,0.0
1304,DSMPharmaceuticals,9,0.0
1305,DSMPharmaceuticals,10,0.0
1306,DSMPharmaceuticals,11,0.0
1307,DSMPharmaceuticals,12,0.0
1308,DSMPharmaceuticals,13,0.0
1309,DSMPharmaceuticals,14,0.0
1310,DSMPharmaceuticals,15,0.0
1311,DSMPharmaceuticals,16,0.0
1312,DSMPharmaceuticals,17,0.0
1313,DSMPharmaceuticals,18,0.0
1314,DSMPharmaceuticals,19,0.0
1315,DSMPharmaceuticals,20,0.0
1316,DSMPharmaceuticals,21,0.0
1317,DSMPharmaceuticals,22,0.0
1318,DSMPharmaceuticals,23,0.0
1319,DSMPharmaceuticals,24,0.0
1320,HamletGeneratingFacility,1,0.0
1321,HamletGeneratingFacility,2,0.0
1322,HamletGeneratingFacility,3,0.0
1323,HamletGeneratingFacility,4,0.0
1324,HamletGeneratingFacility,5,0.0
1325,HamletGeneratingFacility,6,0.0
1326,HamletGeneratingFacility,7,0.0
1327,HamletGeneratingFacility,8,0.0
1328,HamletGeneratingFacility,9,0.0
1329,HamletGeneratingFacility,10,0.0
1330,HamletGeneratingFacility,11,0.0
1331,HamletGeneratingFacility,12,0.0
1332,HamletGeneratingFacility,13,0.0
1333,HamletGeneratingFacility,14,0.0
1334,HamletGeneratingFacility,15,0.0
1335,HamletGeneratingFacility,16,0.0
1336,HamletGeneratingFacility,17,0.0
1337,HamletGeneratingFacility,18,0.0
1338,HamletGeneratingFacility,19,0.0
1339,HamletGeneratingFacility,20,0.0
1340,HamletGeneratingFacility,21,0.0
1341,HamletGeneratingFacility,22,0.0
1342,HamletGeneratingFacility,23,0.0
1343,HamletGeneratingFacility,24,0.0
1344,LincolnCombustion_1,1,0.0
1345,LincolnCombustion_1,2,0.0
1346,LincolnCombustion_1,3,0.0
1347,LincolnCombustion_1,4,0.0
1348,LincolnCombustion_1,5,0.0
1349,LincolnCombustion_1,6,0.0
1350,LincolnCombustion_1,7,0.0
1351,LincolnCombustion_1,8,0.0
1352,LincolnCombustion_1,9,0.0
1353,LincolnCombustion_1,10,0.0
1354,LincolnCombustion_1,11,0.0
1355,LincolnCombustion_1,12,0.0
1356,LincolnCombustion_1,13,0.0
1357,LincolnCombustion_1,14,0.0
1358,LincolnCombustion_1,15,0.0
1359,LincolnCombustion_1,16,0.0
1360,LincolnCombustion_1,17,0.0
1361,LincolnCombustion_1,18,0.0
1362,LincolnCombustion_1,19,0.0
1363,LincolnCombustion_1,20,0.0
1364,LincolnCombustion_1,21,0.0
1365,LincolnCombustion_1,22,0.0
1366,LincolnCombustion_1,23,0.0
1367,LincolnCombustion_1,24,0.0
1368,LVSutton_GT,1,0.0
1369,LVSutton_GT,2,0.0
1370,LVSutton_GT,3,0.0
1371,LVSutton_GT,4,0.0
1372,LVSutton_GT,5,0.0
1373,LVSutton_GT,6,0.0
1374,LVSutton_GT,7,0.0
1375,LVSutton_GT,8,0.0
1376,LVSutton_GT,9,0.0
1377,LVSutton_GT,10,0.0
1378,LVSutton_GT,11,0.0
1379,LVSutton_GT,12,0.0
1380,LVSutton_GT,13,0.0
1381,LVSutton_GT,14,0.0
1382,LVSutton_GT,15,0.0
1383,LVSutton_GT,16,0.0
1384,LVSutton_GT,17,0.0
1385,LVSutton_GT,18,0.0
1386,LVSutton_GT,19,0.0
1387,LVSutton_GT,20,0.0
1388,LVSutton_GT,21,0.0
1389,LVSutton_GT,22,0.0
1390,LVSutton_GT,23,0.0
1391,LVSutton_GT,24,0.0
1392,MonroeGeneratingStation_1,1,0.0
1393,MonroeGeneratingStation_1,2,0.0
1394,MonroeGeneratingStation_1,3,0.0
1395,MonroeGeneratingStation_1,4,0.0
1396,MonroeGeneratingStation_1,5,0.0
1397,MonroeGeneratingStation_1,6,0.0
1398,MonroeGeneratingStation_1,7,0.0
1399,MonroeGeneratingStation_1,8,0.0
1400,MonroeGeneratingStation_1,9,0.0
1401,MonroeGeneratingStation_1,10,0.0
1402,MonroeGeneratingStation_1,11,0.0
1403,MonroeGeneratingStation_1,12,0.0
1404,MonroeGeneratingStation_1,13,0.0
1405,MonroeGeneratingStation_1,14,0.0
1406,MonroeGeneratingStation_1,15,0.0
1407,MonroeGeneratingStation_1,16,0.0
1408,MonroeGeneratingStation_1,17,0.0
1409,MonroeGeneratingStation_1,18,0.0
1410,MonroeGeneratingStation_1,19,0.0
1411,MonroeGeneratingStation_1,20,0.0
1412,MonroeGeneratingStation_1,21,0.0
1413,MonroeGeneratingStation_1,22,0.0
1414,MonroeGeneratingStation_1,23,0.0
1415,MonroeGeneratingStation_1,24,0.0
1416,NCSUCogen,1,0.0
1417,NCSUCogen,2,0.0
1418,NCSUCogen,3,0.0
1419,NCSUCogen,4,0.0
1420,NCSUCogen,5,0.0
1421,NCSUCogen,6,0.0
1422,NCSUCogen,7,0.0
1423,NCSUCogen,8,0.0
1424,NCSUCogen,9,0.0
1425,NCSUCogen,10,0.0
1426,NCSUCogen,11,0.0
1427,NCSUCogen,12,0.0
1428,NCSUCogen,13,0.0
1429,NCSUCogen,14,0.0
1430,NCSUCogen,15,0.0
1431,NCSUCogen,16,0.0
1432,NCSUCogen,17,0.0
1433,NCSUCogen,18,0.0
1434,NCSUCogen,19,0.0
1435,NCSUCogen,20,0.0
1436,NCSUCogen,21,0.0
1437,NCSUCogen,22,0.0
1438,NCSUCogen,23,0.0
1439,NCSUCogen,24,0.0
1440,RockinghamCountyCTStation,1,0.0
1441,RockinghamCountyCTStation,2,0.0
1442,RockinghamCountyCTStation,3,0.0
1443,RockinghamCountyCTStation,4,0.0
1444,RockinghamCountyCTStation,5,0.0
1445,RockinghamCountyCTStation,6,0.0
1446,RockinghamCountyCTStation,7,0.0
1447,RockinghamCountyCTStation,8,0.0
1448,RockinghamCountyCTStation,9,0.0
1449,RockinghamCountyCTStation,10,0.0
1450,RockinghamCountyCTStation,11,0.0
1451,RockinghamCountyCTStation,12,0.0
1452,RockinghamCountyCTStation,13,0.0
1453,RockinghamCountyCTStation,14,0.0
1454,RockinghamCountyCTStation,15,0.0
1455,RockinghamCountyCTStation,16,0.0
1456,RockinghamCountyCTStation,17,0.0
1457,RockinghamCountyCTStation,18,0.0
1458,RockinghamCountyCTStation,19,0.0
1459,RockinghamCountyCTStation,20,0.0
1460,RockinghamCountyCTStation,21,0.0
1461,RockinghamCountyCTStation,22,0.0
1462,RockinghamCountyCTStation,23,0.0
1463,RockinghamCountyCTStation,24,0.0
1464,Rowan_13,1,0.0
1465,Rowan_13,2,0.0
1466,Rowan_13,3,0.0
1467,Rowan_13,4,0.0
1468,Rowan_13,5,0.0
1469,Rowan_13,6,0.0
1470,Rowan_13,7,0.0
1471,Rowan_13,8,0.0
1472,Rowan_13,9,0.0
1473,Rowan_13,10,0.0
1474,Rowan_13,11,0.0
1475,Rowan_13,12,0.0
1476,Rowan_13,13,0.0
1477,Rowan_13,14,0.0
1478,Rowan_13,15,0.0
1479,Rowan_13,16,0.0
1480,Rowan_13,17,0.0
1481,Rowan_13,18,0.0
1482,Rowan_13,19,0.0
1483,Rowan_13,20,0.0
1484,Rowan_13,21,0.0
1485,Rowan_13,22,0.0
1486,Rowan_13,23,0.0
1487,Rowan_13,24,0.0
1488,SherwoodHSmithJrEnergyComplex_CT,1,0.0
1489,SherwoodHSmithJrEnergyComplex_CT,2,0.0
1490,SherwoodHSmithJrEnergyComplex_CT,3,0.0
1491,SherwoodHSmithJrEnergyComplex_CT,4,0.0
1492,SherwoodHSmithJrEnergyComplex_CT,5,0.0
1493,SherwoodHSmithJrEnergyComplex_CT,6,0.0
1494,SherwoodHSmithJrEnergyComplex_CT,7,0.0
1495,SherwoodHSmithJrEnergyComplex_CT,8,0.0
1496,SherwoodHSmithJrEnergyComplex_CT,9,0.0
1497,SherwoodHSmithJrEnergyComplex_CT,10,0.0
1498,SherwoodHSmithJrEnergyComplex_CT,11,0.0
1499,SherwoodHSmithJrEnergyComplex_CT,12,0.0
1500,SherwoodHSmithJrEnergyComplex_CT,13,0.0
1501,SherwoodHSmithJrEnergyComplex_CT,14,0.0
1502,SherwoodHSmithJrEnergyComplex_CT,15,0.0
1503,SherwoodHSmithJrEnergyComplex_CT,16,0.0
1504,SherwoodHSmithJrEnergyComplex_CT,17,0.0
1505,SherwoodHSmithJrEnergyComplex_CT,18,0.0
1506,SherwoodHSmithJrEnergyComplex_CT,19,0.0
1507,SherwoodHSmithJrEnergyComplex_CT,20,0.0
1508,SherwoodHSmithJrEnergyComplex_CT,21,0.0
1509,SherwoodHSmithJrEnergyComplex_CT,22,0.0
1510,SherwoodHSmithJrEnergyComplex_CT,23,0.0
1511,SherwoodHSmithJrEnergyComplex_CT,24,0.0
1512,WayneCounty,1,0.0
1513,WayneCounty,2,0.0
1514,WayneCounty,3,0.0
1515,WayneCounty,4,0.0
1516,WayneCounty,5,0.0
1517,WayneCounty,6,0.0
1518,WayneCounty,7,0.0
1519,WayneCounty,8,0.0
1520,WayneCounty,9,0.0
1521,WayneCounty,10,0.0
1522,WayneCounty,11,0.0
1523,WayneCounty,12,0.0
1524,WayneCounty,13,0.0
1525,WayneCounty,14,0.0
1526,WayneCounty,15,0.0
1527,WayneCounty,16,0.0
1528,WayneCounty,17,0.0
1529,WayneCounty,18,0.0
1530,WayneCounty,19,0.0
1531,WayneCounty,20,0.0
1532,WayneCounty,21,0.0
1533,WayneCounty,22,0.0
1534,WayneCounty,23,0.0
1535,WayneCounty,24,0.0
1536,Asheville_coal,25,0.0
1537,Asheville_coal,26,0.0
1538,Asheville_coal,27,0.0
1539,Asheville_coal,28,0.0
1540,Asheville_coal,29,0.0
1541,Asheville_coal,30,0.0
1542,Asheville_coal,31,0.0
1543,Asheville_coal,32,0.0
1544,Asheville_coal,33,0.0
1545,Asheville_coal,34,0.0
1546,Asheville_coal,35,0.0
1547,Asheville_coal,36,0.0
1548,Asheville_coal,37,0.0
1549,Asheville_coal,38,0.0
1550,Asheville_coal,39,0.0
1551,Asheville_coal,40,0.0
1552,Asheville_coal,41,0.0
1553,Asheville_coal,42,0.0
1554,Asheville_coal,43,0.0
1555,Asheville_coal,44,0.0
1556,Asheville_coal,45,0.0
1557,Asheville_coal,46,0.0
1558,Asheville_coal,47,0.0
1559,Asheville_coal,48,0.0
1560,BelewsCreek_1,25,0.0
1561,BelewsCreek_1,26,0.0
1562,BelewsCreek_1,27,0.0
1563,BelewsCreek_1,28,0.0
1564,BelewsCreek_1,29,0.0
1565,BelewsCreek_1,30,0.0
1566,BelewsCreek_1,31,0.0
1567,BelewsCreek_1,32,0.0
1568,BelewsCreek_1,33,0.0
1569,BelewsCreek_1,34,0.0
1570,BelewsCreek_1,35,0.0
1571,BelewsCreek_1,36,-0.0
1572,BelewsCreek_1,37,-0.0
1573,BelewsCreek_1,38,-0.0
1574,BelewsCreek_1,39,-0.0
1575,BelewsCreek_1,40,-0.0
1576,BelewsCreek_1,41,-0.0
1577,BelewsCreek_1,42,-0.0
1578,BelewsCreek_1,43,-0.0
1579,BelewsCreek_1,44,-0.0
1580,BelewsCreek_1,45,-0.0
1581,BelewsCreek_1,46,-0.0
1582,BelewsCreek_1,47,-0.0
1583,BelewsCreek_1,48,-0.0
1584,CantonNorthCarolina,25,0.0
1585,CantonNorthCarolina,26,0.0
1586,CantonNorthCarolina,27,0.0
1587,CantonNorthCarolina,28,0.0
1588,CantonNorthCarolina,29,0.0
1589,CantonNorthCarolina,30,0.0
1590,CantonNorthCarolina,31,0.0
1591,CantonNorthCarolina,32,0.0
1592,CantonNorthCarolina,33,0.0
1593,CantonNorthCarolina,34,0.0
1594,CantonNorthCarolina,35,0.0
1595,CantonNorthCarolina,36,0.0
1596,CantonNorthCarolina,37,0.0
1597,CantonNorthCarolina,38,0.0
1598,CantonNorthCarolina,39,0.0
1599,CantonNorthCarolina,40,0.0
1600,CantonNorthCarolina,41,0.0
1601,CantonNorthCarolina,42,0.0
1602,CantonNorthCarolina,43,0.0
1603,CantonNorthCarolina,44,0.0
1604,CantonNorthCarolina,45,0.0
1605,CantonNorthCarolina,46,0.0
1606,CantonNorthCarolina,47,0.0
1607,CantonNorthCarolina,48,0.0
1608,EdgecombeGencoLLC_GEN,25,0.0
1609,EdgecombeGencoLLC_GEN,26,-0.0
1610,EdgecombeGencoLLC_GEN,27,-0.0
1611,EdgecombeGencoLLC_GEN,28,-0.0
1612,EdgecombeGencoLLC_GEN,29,-0.0
1613,EdgecombeGencoLLC_GEN,30,-0.0
1614,EdgecombeGencoLLC_GEN,31,-0.0
1615,EdgecombeGencoLLC_GEN,32,-0.0
1616,EdgecombeGencoLLC_GEN,33,-0.0
1617,EdgecombeGencoLLC_GEN,34,-0.0
1618,EdgecombeGencoLLC_GEN,35,-0.0
1619,EdgecombeGencoLLC_GEN,36,-0.0
1620,EdgecombeGencoLLC_GEN,37,-0.0
1621,EdgecombeGencoLLC_GEN,38,-0.0
1622,EdgecombeGencoLLC_GEN,39,-0.0
1623,EdgecombeGencoLLC_GEN,40,-0.0
1624,EdgecombeGencoLLC_GEN,41,-0.0
1625,EdgecombeGencoLLC_GEN,42,-0.0
1626,EdgecombeGencoLLC_GEN,43,-0.0
1627,EdgecombeGencoLLC_GEN,44,-0.0
1628,EdgecombeGencoLLC_GEN,45,-0.0
1629,EdgecombeGencoLLC_GEN,46,-0.0
1630,EdgecombeGencoLLC_GEN,47,-0.0
1631,EdgecombeGencoLLC_GEN,48,-0.0
1632,GGAllen_1,25,0.0
1633,GGAllen_1,26,0.0
1634,GGAllen_1,27,0.0
1635,GGAllen_1,28,0.0
1636,GGAllen_1,29,0.0
1637,GGAllen_1,30,0.0
1638,GGAllen_1,31,0.0
1639,GGAllen_1,32,0.0
1640,GGAllen_1,33,0.0
1641,GGAllen_1,34,0.0
1642,GGAllen_1,35,0.0
1643,GGAllen_1,36,0.0
1644,GGAllen_1,37,0.0
1645,GGAllen_1,38,0.0
1646,GGAllen_1,39,0.0
1647,GGAllen_1,40,0.0
1648,GGAllen_1,41,0.0
1649,GGAllen_1,42,0.0
1650,GGAllen_1,43,0.0
1651,GGAllen_1,44,0.0
1652,GGAllen_1,45,0.0
1653,GGAllen_1,46,0.0
1654,GGAllen_1,47,0.0
1655,GGAllen_1,48,0.0
1656,JamesERogersEnergyComplex,25,0.0
1657,JamesERogersEnergyComplex,26,0.0
1658,JamesERogersEnergyComplex,27,0.0
1659,JamesERogersEnergyComplex,28,0.0
1660,JamesERogersEnergyComplex,29,0.0
1661,JamesERogersEnergyComplex,30,0.0
1662,JamesERogersEnergyComplex,31,0.0
1663,JamesERogersEnergyComplex,32,0.0
1664,JamesERogersEnergyComplex,33,0.0
1665,JamesERogersEnergyComplex,34,0.0
1666,JamesERogersEnergyComplex,35,0.0
1667,JamesERogersEnergyComplex,36,0.0
1668,JamesERogersEnergyComplex,37,0.0
1669,JamesERogersEnergyComplex,38,0.0
1670,JamesERogersEnergyComplex,39,0.0
1671,JamesERogersEnergyComplex,40,0.0
1672,JamesERogersEnergyComplex,41,0.0
1673,JamesERogersEnergyComplex,42,0.0
1674,JamesERogersEnergyComplex,43,0.0
1675,JamesERogersEnergyComplex,44,0.0
1676,JamesERogersEnergyComplex,45,0.0
1677,JamesERogersEnergyComplex,46,0.0
1678,JamesERogersEnergyComplex,47,0.0
1679,JamesERogersEnergyComplex,48,0.0
1680,Marshall_NC,25,0.0
1681,Marshall_NC,26,-0.0
1682,Marshall_NC,27,-0.0
1683,Marshall_NC,28,-0.0
1684,Marshall_NC,29,-0.0
1685,Marshall_NC,30,-0.0
1686,Marshall_NC,31,-0.0
1687,Marshall_NC,32,-0.0
1688,Marshall_NC,33,-0.0
1689,Marshall_NC,34,-0.0
1690,Marshall_NC,35,-0.0
1691,Marshall_NC,36,-0.0
1692,Marshall_NC,37,-0.0
1693,Marshall_NC,38,-0.0
1694,Marshall_NC,39,-0.0
1695,Marshall_NC,40,-0.0
1696,Marshall_NC,41,-0.0
1697,Marshall_NC,42,-0.0
1698,Marshall_NC,43,-0.0
1699,Marshall_NC,44,-0.0
1700,Marshall_NC,45,-0.0
1701,Marshall_NC,46,-0.0
1702,Marshall_NC,47,-0.0
1703,Marshall_NC,48,-0.0
1704,Mayo_1,25,0.0
1705,Mayo_1,26,0.0
1706,Mayo_1,27,0.0
1707,Mayo_1,28,0.0
1708,Mayo_1,29,0.0
1709,Mayo_1,30,0.0
1710,Mayo_1,31,0.0
1711,Mayo_1,32,0.0
1712,Mayo_1,33,0.0
1713,Mayo_1,34,0.0
1714,Mayo_1,35,0.0
1715,Mayo_1,36,-0.0
1716,Mayo_1,37,-0.0
1717,Mayo_1,38,-0.0
1718,Mayo_1,39,-0.0
1719,Mayo_1,40,-0.0
1720,Mayo_1,41,-0.0
1721,Mayo_1,42,-0.0
1722,Mayo_1,43,-0.0
1723,Mayo_1,44,-0.0
1724,Mayo_1,45,-0.0
1725,Mayo_1,46,-0.0
1726,Mayo_1,47,-0.0
1727,Mayo_1,48,-0.0
1728,Roxboro_12,25,0.0
1729,Roxboro_12,26,0.0
1730,Roxboro_12,27,0.0
1731,Roxboro_12,28,0.0
1732,Roxboro_12,29,0.0
1733,Roxboro_12,30,0.0
1734,Roxboro_12,31,0.0
1735,Roxboro_12,32,0.0
1736,Roxboro_12,33,0.0
1737,Roxboro_12,34,0.0
1738,Roxboro_12,35,0.0
1739,Roxboro_12,36,0.0
1740,Roxboro_12,37,0.0
1741,Roxboro_12,38,0.0
1742,Roxboro_12,39,0.0
1743,Roxboro_12,40,0.0
1744,Roxboro_12,41,0.0
1745,Roxboro_12,42,0.0
1746,Roxboro_12,43,0.0
1747,Roxboro_12,44,0.0
1748,Roxboro_12,45,0.0
1749,Roxboro_12,46,0.0
1750,Roxboro_12,47,0.0
1751,Roxboro_12,48,0.0
1752,Roxboro_34,25,0.0
1753,Roxboro_34,26,0.0
1754,Roxboro_34,27,0.0
1755,Roxboro_34,28,0.0
1756,Roxboro_34,29,0.0
1757,Roxboro_34,30,0.0
1758,Roxboro_34,31,0.0
1759,Roxboro_34,32,0.0
1760,Roxboro_34,33,0.0
1761,Roxboro_34,34,0.0
1762,Roxboro_34,35,0.0
1763,Roxboro_34,36,0.0
1764,Roxboro_34,37,0.0
1765,Roxboro_34,38,0.0
1766,Roxboro_34,39,0.0
1767,Roxboro_34,40,0.0
1768,Roxboro_34,41,0.0
1769,Roxboro_34,42,0.0
1770,Roxboro_34,43,0.0
1771,Roxboro_34,44,0.0
1772,Roxboro_34,45,0.0
1773,Roxboro_34,46,0.0
1774,Roxboro_34,47,0.0
1775,Roxboro_34,48,0.0
1776,UnivofNCChapelHillCogenFacility_TG3,25,0.0
1777,UnivofNCChapelHillCogenFacility_TG3,26,-0.0
1778,UnivofNCChapelHillCogenFacility_TG3,27,-0.0
1779,UnivofNCChapelHillCogenFacility_TG3,28,-0.0
1780,UnivofNCChapelHillCogenFacility_TG3,29,-0.0
1781,UnivofNCChapelHillCogenFacility_TG3,30,-0.0
1782,UnivofNCChapelHillCogenFacility_TG3,31,-0.0
1783,UnivofNCChapelHillCogenFacility_TG3,32,-0.0
1784,UnivofNCChapelHillCogenFacility_TG3,33,-0.0
1785,UnivofNCChapelHillCogenFacility_TG3,34,-0.0
1786,UnivofNCChapelHillCogenFacility_TG3,35,-0.0
1787,UnivofNCChapelHillCogenFacility_TG3,36,-0.0
1788,UnivofNCChapelHillCogenFacility_TG3,37,-0.0
1789,UnivofNCChapelHillCogenFacility_TG3,38,-0.0
1790,UnivofNCChapelHillCogenFacility_TG3,39,-0.0
1791,UnivofNCChapelHillCogenFacility_TG3,40,-0.0
1792,UnivofNCChapelHillCogenFacility_TG3,41,-0.0
1793,UnivofNCChapelHillCogenFacility_TG3,42,-0.0
1794,UnivofNCChapelHillCogenFacility_TG3,43,-0.0
1795,UnivofNCChapelHillCogenFacility_TG3,44,-0.0
1796,UnivofNCChapelHillCogenFacility_TG3,45,-0.0
1797,UnivofNCChapelHillCogenFacility_TG3,46,-0.0
1798,UnivofNCChapelHillCogenFacility_TG3,47,-0.0
1799,UnivofNCChapelHillCogenFacility_TG3,48,-0.0
1800,Albemarle_oil,25,0.0
1801,Albemarle_oil,26,0.0
1802,Albemarle_oil,27,0.0
1803,Albemarle_oil,28,0.0
1804,Albemarle_oil,29,0.0
1805,Albemarle_oil,30,0.0
1806,Albemarle_oil,31,0.0
1807,Albemarle_oil,32,0.0
1808,Albemarle_oil,33,0.0
1809,Albemarle_oil,34,0.0
1810,Albemarle_oil,35,0.0
1811,Albemarle_oil,36,0.0
1812,Albemarle_oil,37,0.0
1813,Albemarle_oil,38,0.0
1814,Albemarle_oil,39,0.0
1815,Albemarle_oil,40,0.0
1816,Albemarle_oil,41,0.0
1817,Albemarle_oil,42,0.0
1818,Albemarle_oil,43,0.0
1819,Albemarle_oil,44,0.0
1820,Albemarle_oil,45,0.0
1821,Albemarle_oil,46,0.0
1822,Albemarle_oil,47,0.0
1823,Albemarle_oil,48,0.0
1824,Blewett_GT1,25,0.0
1825,Blewett_GT1,26,0.0
1826,Blewett_GT1,27,0.0
1827,Blewett_GT1,28,0.0
1828,Blewett_GT1,29,0.0
1829,Blewett_GT1,30,0.0
1830,Blewett_GT1,31,0.0
1831,Blewett_GT1,32,0.0
1832,Blewett_GT1,33,0.0
1833,Blewett_GT1,34,0.0
1834,Blewett_GT1,35,0.0
1835,Blewett_GT1,36,0.0
1836,Blewett_GT1,37,0.0
1837,Blewett_GT1,38,0.0
1838,Blewett_GT1,39,0.0
1839,Blewett_GT1,40,0.0
1840,Blewett_GT1,41,0.0
1841,Blewett_GT1,42,0.0
1842,Blewett_GT1,43,0.0
1843,Blewett_GT1,44,0.0
1844,Blewett_GT1,45,0.0
1845,Blewett_GT1,46,0.0
1846,Blewett_GT1,47,0.0
1847,Blewett_GT1,48,0.0
1848,BosticDeliveryNo2_1,25,-3.730349362740526e-13
1849,BosticDeliveryNo2_1,26,-7.105427357601002e-14
1850,BosticDeliveryNo2_1,27,1.4632739464559563e-13
1851,BosticDeliveryNo2_1,28,3.3306690738754696e-14
1852,BosticDeliveryNo2_1,29,-2.6845192735436285e-13
1853,BosticDeliveryNo2_1,30,7.172040739078511e-14
1854,BosticDeliveryNo2_1,31,-1.0436096431476471e-14
1855,BosticDeliveryNo2_1,32,-4.618527782440651e-14
1856,BosticDeliveryNo2_1,33,0.0
1857,BosticDeliveryNo2_1,34,0.0
1858,BosticDeliveryNo2_1,35,0.0
1859,BosticDeliveryNo2_1,36,0.0
1860,BosticDeliveryNo2_1,37,0.0
1861,BosticDeliveryNo2_1,38,0.0
1862,BosticDeliveryNo2_1,39,0.0
1863,BosticDeliveryNo2_1,40,0.0
1864,BosticDeliveryNo2_1,41,0.0
1865,BosticDeliveryNo2_1,42,0.0
1866,BosticDeliveryNo2_1,43,0.0
1867,BosticDeliveryNo2_1,44,0.0
1868,BosticDeliveryNo2_1,45,0.0
1869,BosticDeliveryNo2_1,46,0.0
1870,BosticDeliveryNo2_1,47,0.0
1871,BosticDeliveryNo2_1,48,0.0
1872,Buxton_oil,25,0.0
1873,Buxton_oil,26,0.0
1874,Buxton_oil,27,0.0
1875,Buxton_oil,28,0.0
1876,Buxton_oil,29,0.0
1877,Buxton_oil,30,0.0
1878,Buxton_oil,31,0.0
1879,Buxton_oil,32,0.0
1880,Buxton_oil,33,0.0
1881,Buxton_oil,34,0.0
1882,Buxton_oil,35,0.0
1883,Buxton_oil,36,0.0
1884,Buxton_oil,37,0.0
1885,Buxton_oil,38,0.0
1886,Buxton_oil,39,0.0
1887,Buxton_oil,40,0.0
1888,Buxton_oil,41,0.0
1889,Buxton_oil,42,0.0
1890,Buxton_oil,43,0.0
1891,Buxton_oil,44,0.0
1892,Buxton_oil,45,0.0
1893,Buxton_oil,46,0.0
1894,Buxton_oil,47,0.0
1895,Buxton_oil,48,0.0
1896,CatawbaRiverPollutionControl_1234,25,-4.04462788048057e-13
1897,CatawbaRiverPollutionControl_1234,26,0.0
1898,CatawbaRiverPollutionControl_1234,27,0.0
1899,CatawbaRiverPollutionControl_1234,28,0.0
1900,CatawbaRiverPollutionControl_1234,29,0.0
1901,CatawbaRiverPollutionControl_1234,30,0.0
1902,CatawbaRiverPollutionControl_1234,31,0.0
1903,CatawbaRiverPollutionControl_1234,32,0.0
1904,CatawbaRiverPollutionControl_1234,33,0.0
1905,CatawbaRiverPollutionControl_1234,34,0.0
1906,CatawbaRiverPollutionControl_1234,35,0.0
1907,CatawbaRiverPollutionControl_1234,36,0.0
1908,CatawbaRiverPollutionControl_1234,37,0.0
1909,CatawbaRiverPollutionControl_1234,38,0.0
1910,CatawbaRiverPollutionControl_1234,39,0.0
1911,CatawbaRiverPollutionControl_1234,40,0.0
1912,CatawbaRiverPollutionControl_1234,41,0.0
1913,CatawbaRiverPollutionControl_1234,42,0.0
1914,CatawbaRiverPollutionControl_1234,43,0.0
1915,CatawbaRiverPollutionControl_1234,44,0.0
1916,CatawbaRiverPollutionControl_1234,45,0.0
1917,CatawbaRiverPollutionControl_1234,46,0.0
1918,CatawbaRiverPollutionControl_1234,47,0.0
1919,CatawbaRiverPollutionControl_1234,48,0.0
1920,CenturyLinkRegionalHQ,25,0.0
1921,CenturyLinkRegionalHQ,26,0.0
1922,CenturyLinkRegionalHQ,27,0.0
1923,CenturyLinkRegionalHQ,28,0.0
1924,CenturyLinkRegionalHQ,29,0.0
1925,CenturyLinkRegionalHQ,30,0.0
1926,CenturyLinkRegionalHQ,31,0.0
1927,CenturyLinkRegionalHQ,32,0.0
1928,CenturyLinkRegionalHQ,33,0.0
1929,CenturyLinkRegionalHQ,34,0.0
1930,CenturyLinkRegionalHQ,35,0.0
1931,CenturyLinkRegionalHQ,36,0.0
1932,CenturyLinkRegionalHQ,37,0.0
1933,CenturyLinkRegionalHQ,38,0.0
1934,CenturyLinkRegionalHQ,39,0.0
1935,CenturyLinkRegionalHQ,40,0.0
1936,CenturyLinkRegionalHQ,41,0.0
1937,CenturyLinkRegionalHQ,42,0.0
1938,CenturyLinkRegionalHQ,43,0.0
1939,CenturyLinkRegionalHQ,44,0.0
1940,CenturyLinkRegionalHQ,45,0.0
1941,CenturyLinkRegionalHQ,46,0.0
1942,CenturyLinkRegionalHQ,47,0.0
1943,CenturyLinkRegionalHQ,48,0.0
1944,CorneliusDeliveryNo1_1,25,0.0
1945,CorneliusDeliveryNo1_1,26,0.0
1946,CorneliusDeliveryNo1_1,27,0.0
1947,CorneliusDeliveryNo1_1,28,0.0
1948,CorneliusDeliveryNo1_1,29,0.0
1949,CorneliusDeliveryNo1_1,30,0.0
1950,CorneliusDeliveryNo1_1,31,0.0
1951,CorneliusDeliveryNo1_1,32,0.0
1952,CorneliusDeliveryNo1_1,33,0.0
1953,CorneliusDeliveryNo1_1,34,0.0
1954,CorneliusDeliveryNo1_1,35,0.0
1955,CorneliusDeliveryNo1_1,36,0.0
1956,CorneliusDeliveryNo1_1,37,0.0
1957,CorneliusDeliveryNo1_1,38,0.0
1958,CorneliusDeliveryNo1_1,39,0.0
1959,CorneliusDeliveryNo1_1,40,0.0
1960,CorneliusDeliveryNo1_1,41,0.0
1961,CorneliusDeliveryNo1_1,42,0.0
1962,CorneliusDeliveryNo1_1,43,0.0
1963,CorneliusDeliveryNo1_1,44,0.0
1964,CorneliusDeliveryNo1_1,45,0.0
1965,CorneliusDeliveryNo1_1,46,0.0
1966,CorneliusDeliveryNo1_1,47,0.0
1967,CorneliusDeliveryNo1_1,48,0.0
1968,EastsideWWTP,25,0.0
1969,EastsideWWTP,26,0.0
1970,EastsideWWTP,27,0.0
1971,EastsideWWTP,28,0.0
1972,EastsideWWTP,29,0.0
1973,EastsideWWTP,30,0.0
1974,EastsideWWTP,31,0.0
1975,EastsideWWTP,32,0.0
1976,EastsideWWTP,33,0.0
1977,EastsideWWTP,34,0.0
1978,EastsideWWTP,35,0.0
1979,EastsideWWTP,36,0.0
1980,EastsideWWTP,37,0.0
1981,EastsideWWTP,38,0.0
1982,EastsideWWTP,39,0.0
1983,EastsideWWTP,40,0.0
1984,EastsideWWTP,41,0.0
1985,EastsideWWTP,42,0.0
1986,EastsideWWTP,43,0.0
1987,EastsideWWTP,44,0.0
1988,EastsideWWTP,45,0.0
1989,EastsideWWTP,46,0.0
1990,EastsideWWTP,47,0.0
1991,EastsideWWTP,48,0.0
1992,EdentonGenerators,25,0.0
1993,EdentonGenerators,26,0.0
1994,EdentonGenerators,27,0.0
1995,EdentonGenerators,28,0.0
1996,EdentonGenerators,29,0.0
1997,EdentonGenerators,30,0.0
1998,EdentonGenerators,31,0.0
1999,EdentonGenerators,32,0.0
2000,EdentonGenerators,33,0.0
2001,EdentonGenerators,34,0.0
2002,EdentonGenerators,35,0.0
2003,EdentonGenerators,36,0.0
2004,EdentonGenerators,37,0.0
2005,EdentonGenerators,38,0.0
2006,EdentonGenerators,39,0.0
2007,EdentonGenerators,40,0.0
2008,EdentonGenerators,41,0.0
2009,EdentonGenerators,42,0.0
2010,EdentonGenerators,43,0.0
2011,EdentonGenerators,44,0.0
2012,EdentonGenerators,45,0.0
2013,EdentonGenerators,46,0.0
2014,EdentonGenerators,47,0.0
2015,EdentonGenerators,48,0.0
2016,GastonMemorialHospital_GMH1,25,-6.158037043254202e-13
2017,GastonMemorialHospital_GMH1,26,0.0
2018,GastonMemorialHospital_GMH1,27,0.0
2019,GastonMemorialHospital_GMH1,28,0.0
2020,GastonMemorialHospital_GMH1,29,0.0
2021,GastonMemorialHospital_GMH1,30,0.0
2022,GastonMemorialHospital_GMH1,31,0.0
2023,GastonMemorialHospital_GMH1,32,0.0
2024,GastonMemorialHospital_GMH1,33,0.0
2025,GastonMemorialHospital_GMH1,34,0.0
2026,GastonMemorialHospital_GMH1,35,0.0
2027,GastonMemorialHospital_GMH1,36,0.0
2028,GastonMemorialHospital_GMH1,37,0.0
2029,GastonMemorialHospital_GMH1,38,0.0
2030,GastonMemorialHospital_GMH1,39,0.0
2031,GastonMemorialHospital_GMH1,40,0.0
2032,GastonMemorialHospital_GMH1,41,0.0
2033,GastonMemorialHospital_GMH1,42,0.0
2034,GastonMemorialHospital_GMH1,43,0.0
2035,GastonMemorialHospital_GMH1,44,0.0
2036,GastonMemorialHospital_GMH1,45,0.0
2037,GastonMemorialHospital_GMH1,46,0.0
2038,GastonMemorialHospital_GMH1,47,0.0
2039,GastonMemorialHospital_GMH1,48,0.0
2040,GraniteFallsWalmart_1,25,-1.0506746987588982e-13
2041,GraniteFallsWalmart_1,26,0.0
2042,GraniteFallsWalmart_1,27,0.0
2043,GraniteFallsWalmart_1,28,0.0
2044,GraniteFallsWalmart_1,29,0.0
2045,GraniteFallsWalmart_1,30,0.0
2046,GraniteFallsWalmart_1,31,0.0
2047,GraniteFallsWalmart_1,32,0.0
2048,GraniteFallsWalmart_1,33,0.0
2049,GraniteFallsWalmart_1,34,0.0
2050,GraniteFallsWalmart_1,35,0.0
2051,GraniteFallsWalmart_1,36,0.0
2052,GraniteFallsWalmart_1,37,0.0
2053,GraniteFallsWalmart_1,38,0.0
2054,GraniteFallsWalmart_1,39,0.0
2055,GraniteFallsWalmart_1,40,0.0
2056,GraniteFallsWalmart_1,41,0.0
2057,GraniteFallsWalmart_1,42,0.0
2058,GraniteFallsWalmart_1,43,0.0
2059,GraniteFallsWalmart_1,44,0.0
2060,GraniteFallsWalmart_1,45,0.0
2061,GraniteFallsWalmart_1,46,0.0
2062,GraniteFallsWalmart_1,47,0.0
2063,GraniteFallsWalmart_1,48,0.0
2064,HuntersvilleDeliveryNo2_1,25,0.0
2065,HuntersvilleDeliveryNo2_1,26,0.0
2066,HuntersvilleDeliveryNo2_1,27,0.0
2067,HuntersvilleDeliveryNo2_1,28,0.0
2068,HuntersvilleDeliveryNo2_1,29,0.0
2069,HuntersvilleDeliveryNo2_1,30,0.0
2070,HuntersvilleDeliveryNo2_1,31,0.0
2071,HuntersvilleDeliveryNo2_1,32,0.0
2072,HuntersvilleDeliveryNo2_1,33,0.0
2073,HuntersvilleDeliveryNo2_1,34,0.0
2074,HuntersvilleDeliveryNo2_1,35,0.0
2075,HuntersvilleDeliveryNo2_1,36,0.0
2076,HuntersvilleDeliveryNo2_1,37,0.0
2077,HuntersvilleDeliveryNo2_1,38,0.0
2078,HuntersvilleDeliveryNo2_1,39,0.0
2079,HuntersvilleDeliveryNo2_1,40,0.0
2080,HuntersvilleDeliveryNo2_1,41,0.0
2081,HuntersvilleDeliveryNo2_1,42,0.0
2082,HuntersvilleDeliveryNo2_1,43,0.0
2083,HuntersvilleDeliveryNo2_1,44,0.0
2084,HuntersvilleDeliveryNo2_1,45,0.0
2085,HuntersvilleDeliveryNo2_1,46,0.0
2086,HuntersvilleDeliveryNo2_1,47,0.0
2087,HuntersvilleDeliveryNo2_1,48,0.0
2088,LandisDeliveryNo2_1,25,0.0
2089,LandisDeliveryNo2_1,26,0.0
2090,LandisDeliveryNo2_1,27,0.0
2091,LandisDeliveryNo2_1,28,0.0
2092,LandisDeliveryNo2_1,29,0.0
2093,LandisDeliveryNo2_1,30,0.0
2094,LandisDeliveryNo2_1,31,0.0
2095,LandisDeliveryNo2_1,32,0.0
2096,LandisDeliveryNo2_1,33,0.0
2097,LandisDeliveryNo2_1,34,0.0
2098,LandisDeliveryNo2_1,35,0.0
2099,LandisDeliveryNo2_1,36,0.0
2100,LandisDeliveryNo2_1,37,0.0
2101,LandisDeliveryNo2_1,38,0.0
2102,LandisDeliveryNo2_1,39,0.0
2103,LandisDeliveryNo2_1,40,0.0
2104,LandisDeliveryNo2_1,41,0.0
2105,LandisDeliveryNo2_1,42,0.0
2106,LandisDeliveryNo2_1,43,0.0
2107,LandisDeliveryNo2_1,44,0.0
2108,LandisDeliveryNo2_1,45,0.0
2109,LandisDeliveryNo2_1,46,0.0
2110,LandisDeliveryNo2_1,47,0.0
2111,LandisDeliveryNo2_1,48,0.0
2112,MorgantonStation5_1,25,0.0
2113,MorgantonStation5_1,26,0.0
2114,MorgantonStation5_1,27,0.0
2115,MorgantonStation5_1,28,0.0
2116,MorgantonStation5_1,29,0.0
2117,MorgantonStation5_1,30,0.0
2118,MorgantonStation5_1,31,0.0
2119,MorgantonStation5_1,32,0.0
2120,MorgantonStation5_1,33,0.0
2121,MorgantonStation5_1,34,0.0
2122,MorgantonStation5_1,35,0.0
2123,MorgantonStation5_1,36,0.0
2124,MorgantonStation5_1,37,0.0
2125,MorgantonStation5_1,38,0.0
2126,MorgantonStation5_1,39,0.0
2127,MorgantonStation5_1,40,0.0
2128,MorgantonStation5_1,41,0.0
2129,MorgantonStation5_1,42,0.0
2130,MorgantonStation5_1,43,0.0
2131,MorgantonStation5_1,44,0.0
2132,MorgantonStation5_1,45,0.0
2133,MorgantonStation5_1,46,0.0
2134,MorgantonStation5_1,47,0.0
2135,MorgantonStation5_1,48,0.0
2136,MurphyBrownLLC,25,0.0
2137,MurphyBrownLLC,26,0.0
2138,MurphyBrownLLC,27,0.0
2139,MurphyBrownLLC,28,0.0
2140,MurphyBrownLLC,29,0.0
2141,MurphyBrownLLC,30,0.0
2142,MurphyBrownLLC,31,0.0
2143,MurphyBrownLLC,32,0.0
2144,MurphyBrownLLC,33,0.0
2145,MurphyBrownLLC,34,0.0
2146,MurphyBrownLLC,35,0.0
2147,MurphyBrownLLC,36,0.0
2148,MurphyBrownLLC,37,0.0
2149,MurphyBrownLLC,38,0.0
2150,MurphyBrownLLC,39,0.0
2151,MurphyBrownLLC,40,0.0
2152,MurphyBrownLLC,41,0.0
2153,MurphyBrownLLC,42,0.0
2154,MurphyBrownLLC,43,0.0
2155,MurphyBrownLLC,44,0.0
2156,MurphyBrownLLC,45,0.0
2157,MurphyBrownLLC,46,0.0
2158,MurphyBrownLLC,47,0.0
2159,MurphyBrownLLC,48,0.0
2160,Ocracoke_1,25,-2.553142882296318e-13
2161,Ocracoke_1,26,0.0
2162,Ocracoke_1,27,0.0
2163,Ocracoke_1,28,0.0
2164,Ocracoke_1,29,0.0
2165,Ocracoke_1,30,0.0
2166,Ocracoke_1,31,0.0
2167,Ocracoke_1,32,0.0
2168,Ocracoke_1,33,0.0
2169,Ocracoke_1,34,0.0
2170,Ocracoke_1,35,0.0
2171,Ocracoke_1,36,0.0
2172,Ocracoke_1,37,0.0
2173,Ocracoke_1,38,0.0
2174,Ocracoke_1,39,0.0
2175,Ocracoke_1,40,0.0
2176,Ocracoke_1,41,0.0
2177,Ocracoke_1,42,0.0
2178,Ocracoke_1,43,0.0
2179,Ocracoke_1,44,0.0
2180,Ocracoke_1,45,0.0
2181,Ocracoke_1,46,0.0
2182,Ocracoke_1,47,0.0
2183,Ocracoke_1,48,0.0
2184,oil_15630,25,0.0
2185,oil_15630,26,0.0
2186,oil_15630,27,0.0
2187,oil_15630,28,0.0
2188,oil_15630,29,0.0
2189,oil_15630,30,0.0
2190,oil_15630,31,0.0
2191,oil_15630,32,0.0
2192,oil_15630,33,0.0
2193,oil_15630,34,0.0
2194,oil_15630,35,0.0
2195,oil_15630,36,0.0
2196,oil_15630,37,0.0
2197,oil_15630,38,0.0
2198,oil_15630,39,0.0
2199,oil_15630,40,0.0
2200,oil_15630,41,0.0
2201,oil_15630,42,0.0
2202,oil_15630,43,0.0
2203,oil_15630,44,0.0
2204,oil_15630,45,0.0
2205,oil_15630,46,0.0
2206,oil_15630,47,0.0
2207,oil_15630,48,0.0
2208,oil_29284,25,0.0
2209,oil_29284,26,0.0
2210,oil_29284,27,0.0
2211,oil_29284,28,0.0
2212,oil_29284,29,0.0
2213,oil_29284,30,0.0
2214,oil_29284,31,0.0
2215,oil_29284,32,0.0
2216,oil_29284,33,0.0
2217,oil_29284,34,0.0
2218,oil_29284,35,0.0
2219,oil_29284,36,0.0
2220,oil_29284,37,0.0
2221,oil_29284,38,0.0
2222,oil_29284,39,0.0
2223,oil_29284,40,0.0
2224,oil_29284,41,0.0
2225,oil_29284,42,0.0
2226,oil_29284,43,0.0
2227,oil_29284,44,0.0
2228,oil_29284,45,0.0
2229,oil_29284,46,0.0
2230,oil_29284,47,0.0
2231,oil_29284,48,0.0
2232,oil_4517,25,0.0
2233,oil_4517,26,0.0
2234,oil_4517,27,0.0
2235,oil_4517,28,0.0
2236,oil_4517,29,0.0
2237,oil_4517,30,0.0
2238,oil_4517,31,0.0
2239,oil_4517,32,0.0
2240,oil_4517,33,0.0
2241,oil_4517,34,0.0
2242,oil_4517,35,0.0
2243,oil_4517,36,0.0
2244,oil_4517,37,0.0
2245,oil_4517,38,0.0
2246,oil_4517,39,0.0
2247,oil_4517,40,0.0
2248,oil_4517,41,0.0
2249,oil_4517,42,0.0
2250,oil_4517,43,0.0
2251,oil_4517,44,0.0
2252,oil_4517,45,0.0
2253,oil_4517,46,0.0
2254,oil_4517,47,0.0
2255,oil_4517,48,0.0
2256,oil_6954,25,0.0
2257,oil_6954,26,0.0
2258,oil_6954,27,0.0
2259,oil_6954,28,0.0
2260,oil_6954,29,0.0
2261,oil_6954,30,0.0
2262,oil_6954,31,0.0
2263,oil_6954,32,0.0
2264,oil_6954,33,0.0
2265,oil_6954,34,0.0
2266,oil_6954,35,0.0
2267,oil_6954,36,0.0
2268,oil_6954,37,0.0
2269,oil_6954,38,0.0
2270,oil_6954,39,0.0
2271,oil_6954,40,0.0
2272,oil_6954,41,0.0
2273,oil_6954,42,0.0
2274,oil_6954,43,0.0
2275,oil_6954,44,0.0
2276,oil_6954,45,0.0
2277,oil_6954,46,0.0
2278,oil_6954,47,0.0
2279,oil_6954,48,0.0
2280,oil_7041,25,0.0
2281,oil_7041,26,0.0
2282,oil_7041,27,0.0
2283,oil_7041,28,0.0
2284,oil_7041,29,0.0
2285,oil_7041,30,0.0
2286,oil_7041,31,0.0
2287,oil_7041,32,0.0
2288,oil_7041,33,0.0
2289,oil_7041,34,0.0
2290,oil_7041,35,0.0
2291,oil_7041,36,0.0
2292,oil_7041,37,0.0
2293,oil_7041,38,0.0
2294,oil_7041,39,0.0
2295,oil_7041,40,0.0
2296,oil_7041,41,0.0
2297,oil_7041,42,0.0
2298,oil_7041,43,0.0
2299,oil_7041,44,0.0
2300,oil_7041,45,0.0
2301,oil_7041,46,0.0
2302,oil_7041,47,0.0
2303,oil_7041,48,0.0
2304,PinevilleDelivery2_1,25,-7.579122514774402e-13
2305,PinevilleDelivery2_1,26,0.0
2306,PinevilleDelivery2_1,27,0.0
2307,PinevilleDelivery2_1,28,0.0
2308,PinevilleDelivery2_1,29,0.0
2309,PinevilleDelivery2_1,30,0.0
2310,PinevilleDelivery2_1,31,0.0
2311,PinevilleDelivery2_1,32,0.0
2312,PinevilleDelivery2_1,33,0.0
2313,PinevilleDelivery2_1,34,0.0
2314,PinevilleDelivery2_1,35,0.0
2315,PinevilleDelivery2_1,36,0.0
2316,PinevilleDelivery2_1,37,0.0
2317,PinevilleDelivery2_1,38,0.0
2318,PinevilleDelivery2_1,39,0.0
2319,PinevilleDelivery2_1,40,0.0
2320,PinevilleDelivery2_1,41,0.0
2321,PinevilleDelivery2_1,42,0.0
2322,PinevilleDelivery2_1,43,0.0
2323,PinevilleDelivery2_1,44,0.0
2324,PinevilleDelivery2_1,45,0.0
2325,PinevilleDelivery2_1,46,0.0
2326,PinevilleDelivery2_1,47,0.0
2327,PinevilleDelivery2_1,48,0.0
2328,RosemaryPowerStation,25,0.0
2329,RosemaryPowerStation,26,0.0
2330,RosemaryPowerStation,27,0.0
2331,RosemaryPowerStation,28,0.0
2332,RosemaryPowerStation,29,0.0
2333,RosemaryPowerStation,30,0.0
2334,RosemaryPowerStation,31,0.0
2335,RosemaryPowerStation,32,0.0
2336,RosemaryPowerStation,33,0.0
2337,RosemaryPowerStation,34,0.0
2338,RosemaryPowerStation,35,0.0
2339,RosemaryPowerStation,36,0.0
2340,RosemaryPowerStation,37,0.0
2341,RosemaryPowerStation,38,0.0
2342,RosemaryPowerStation,39,0.0
2343,RosemaryPowerStation,40,0.0
2344,RosemaryPowerStation,41,0.0
2345,RosemaryPowerStation,42,0.0
2346,RosemaryPowerStation,43,0.0
2347,RosemaryPowerStation,44,0.0
2348,RosemaryPowerStation,45,0.0
2349,RosemaryPowerStation,46,0.0
2350,RosemaryPowerStation,47,0.0
2351,RosemaryPowerStation,48,0.0
2352,ShelbyNC_GEN,25,0.0
2353,ShelbyNC_GEN,26,0.0
2354,ShelbyNC_GEN,27,0.0
2355,ShelbyNC_GEN,28,0.0
2356,ShelbyNC_GEN,29,0.0
2357,ShelbyNC_GEN,30,0.0
2358,ShelbyNC_GEN,31,0.0
2359,ShelbyNC_GEN,32,0.0
2360,ShelbyNC_GEN,33,0.0
2361,ShelbyNC_GEN,34,0.0
2362,ShelbyNC_GEN,35,0.0
2363,ShelbyNC_GEN,36,0.0
2364,ShelbyNC_GEN,37,0.0
2365,ShelbyNC_GEN,38,0.0
2366,ShelbyNC_GEN,39,0.0
2367,ShelbyNC_GEN,40,0.0
2368,ShelbyNC_GEN,41,0.0
2369,ShelbyNC_GEN,42,0.0
2370,ShelbyNC_GEN,43,0.0
2371,ShelbyNC_GEN,44,0.0
2372,ShelbyNC_GEN,45,0.0
2373,ShelbyNC_GEN,46,0.0
2374,ShelbyNC_GEN,47,0.0
2375,ShelbyNC_GEN,48,0.0
2376,SmithfieldFarmlandCorpBladen,25,0.0
2377,SmithfieldFarmlandCorpBladen,26,0.0
2378,SmithfieldFarmlandCorpBladen,27,0.0
2379,SmithfieldFarmlandCorpBladen,28,0.0
2380,SmithfieldFarmlandCorpBladen,29,0.0
2381,SmithfieldFarmlandCorpBladen,30,0.0
2382,SmithfieldFarmlandCorpBladen,31,0.0
2383,SmithfieldFarmlandCorpBladen,32,0.0
2384,SmithfieldFarmlandCorpBladen,33,0.0
2385,SmithfieldFarmlandCorpBladen,34,0.0
2386,SmithfieldFarmlandCorpBladen,35,0.0
2387,SmithfieldFarmlandCorpBladen,36,0.0
2388,SmithfieldFarmlandCorpBladen,37,0.0
2389,SmithfieldFarmlandCorpBladen,38,0.0
2390,SmithfieldFarmlandCorpBladen,39,0.0
2391,SmithfieldFarmlandCorpBladen,40,0.0
2392,SmithfieldFarmlandCorpBladen,41,0.0
2393,SmithfieldFarmlandCorpBladen,42,0.0
2394,SmithfieldFarmlandCorpBladen,43,0.0
2395,SmithfieldFarmlandCorpBladen,44,0.0
2396,SmithfieldFarmlandCorpBladen,45,0.0
2397,SmithfieldFarmlandCorpBladen,46,0.0
2398,SmithfieldFarmlandCorpBladen,47,0.0
2399,SmithfieldFarmlandCorpBladen,48,0.0
2400,SmithfieldPackagedMeatsCorp,25,0.0
2401,SmithfieldPackagedMeatsCorp,26,0.0
2402,SmithfieldPackagedMeatsCorp,27,0.0
2403,SmithfieldPackagedMeatsCorp,28,0.0
2404,SmithfieldPackagedMeatsCorp,29,0.0
2405,SmithfieldPackagedMeatsCorp,30,0.0
2406,SmithfieldPackagedMeatsCorp,31,0.0
2407,SmithfieldPackagedMeatsCorp,32,0.0
2408,SmithfieldPackagedMeatsCorp,33,0.0
2409,SmithfieldPackagedMeatsCorp,34,0.0
2410,SmithfieldPackagedMeatsCorp,35,0.0
2411,SmithfieldPackagedMeatsCorp,36,0.0
2412,SmithfieldPackagedMeatsCorp,37,0.0
2413,SmithfieldPackagedMeatsCorp,38,0.0
2414,SmithfieldPackagedMeatsCorp,39,0.0
2415,SmithfieldPackagedMeatsCorp,40,0.0
2416,SmithfieldPackagedMeatsCorp,41,0.0
2417,SmithfieldPackagedMeatsCorp,42,0.0
2418,SmithfieldPackagedMeatsCorp,43,0.0
2419,SmithfieldPackagedMeatsCorp,44,0.0
2420,SmithfieldPackagedMeatsCorp,45,0.0
2421,SmithfieldPackagedMeatsCorp,46,0.0
2422,SmithfieldPackagedMeatsCorp,47,0.0
2423,SmithfieldPackagedMeatsCorp,48,0.0
2424,SmithfieldPackagedMeatsCorp_1,25,0.0
2425,SmithfieldPackagedMeatsCorp_1,26,0.0
2426,SmithfieldPackagedMeatsCorp_1,27,0.0
2427,SmithfieldPackagedMeatsCorp_1,28,0.0
2428,SmithfieldPackagedMeatsCorp_1,29,0.0
2429,SmithfieldPackagedMeatsCorp_1,30,0.0
2430,SmithfieldPackagedMeatsCorp_1,31,0.0
2431,SmithfieldPackagedMeatsCorp_1,32,-1.0275510601128904e-12
2432,SmithfieldPackagedMeatsCorp_1,33,0.0
2433,SmithfieldPackagedMeatsCorp_1,34,1.0275510601128904e-12
2434,SmithfieldPackagedMeatsCorp_1,35,0.0
2435,SmithfieldPackagedMeatsCorp_1,36,0.0
2436,SmithfieldPackagedMeatsCorp_1,37,0.0
2437,SmithfieldPackagedMeatsCorp_1,38,0.0
2438,SmithfieldPackagedMeatsCorp_1,39,0.0
2439,SmithfieldPackagedMeatsCorp_1,40,0.0
2440,SmithfieldPackagedMeatsCorp_1,41,0.0
2441,SmithfieldPackagedMeatsCorp_1,42,0.0
2442,SmithfieldPackagedMeatsCorp_1,43,0.0
2443,SmithfieldPackagedMeatsCorp_1,44,0.0
2444,SmithfieldPackagedMeatsCorp_1,45,0.0
2445,SmithfieldPackagedMeatsCorp_1,46,0.0
2446,SmithfieldPackagedMeatsCorp_1,47,0.0
2447,SmithfieldPackagedMeatsCorp_1,48,0.0
2448,Statesville_oil,25,0.0
2449,Statesville_oil,26,0.0
2450,Statesville_oil,27,0.0
2451,Statesville_oil,28,0.0
2452,Statesville_oil,29,0.0
2453,Statesville_oil,30,0.0
2454,Statesville_oil,31,0.0
2455,Statesville_oil,32,0.0
2456,Statesville_oil,33,0.0
2457,Statesville_oil,34,0.0
2458,Statesville_oil,35,0.0
2459,Statesville_oil,36,0.0
2460,Statesville_oil,37,0.0
2461,Statesville_oil,38,0.0
2462,Statesville_oil,39,0.0
2463,Statesville_oil,40,0.0
2464,Statesville_oil,41,0.0
2465,Statesville_oil,42,0.0
2466,Statesville_oil,43,0.0
2467,Statesville_oil,44,0.0
2468,Statesville_oil,45,0.0
2469,Statesville_oil,46,0.0
2470,Statesville_oil,47,0.0
2471,Statesville_oil,48,0.0
2472,WaterFilterPlant2_1299,25,0.0
2473,WaterFilterPlant2_1299,26,0.0
2474,WaterFilterPlant2_1299,27,0.0
2475,WaterFilterPlant2_1299,28,0.0
2476,WaterFilterPlant2_1299,29,0.0
2477,WaterFilterPlant2_1299,30,0.0
2478,WaterFilterPlant2_1299,31,0.0
2479,WaterFilterPlant2_1299,32,0.0
2480,WaterFilterPlant2_1299,33,0.0
2481,WaterFilterPlant2_1299,34,0.0
2482,WaterFilterPlant2_1299,35,0.0
2483,WaterFilterPlant2_1299,36,0.0
2484,WaterFilterPlant2_1299,37,0.0
2485,WaterFilterPlant2_1299,38,0.0
2486,WaterFilterPlant2_1299,39,0.0
2487,WaterFilterPlant2_1299,40,0.0
2488,WaterFilterPlant2_1299,41,0.0
2489,WaterFilterPlant2_1299,42,0.0
2490,WaterFilterPlant2_1299,43,0.0
2491,WaterFilterPlant2_1299,44,0.0
2492,WaterFilterPlant2_1299,45,0.0
2493,WaterFilterPlant2_1299,46,0.0
2494,WaterFilterPlant2_1299,47,0.0
2495,WaterFilterPlant2_1299,48,0.0
2496,WHWeatherspoon_GT,25,0.0
2497,WHWeatherspoon_GT,26,0.0
2498,WHWeatherspoon_GT,27,0.0
2499,WHWeatherspoon_GT,28,0.0
2500,WHWeatherspoon_GT,29,0.0
2501,WHWeatherspoon_GT,30,0.0
2502,WHWeatherspoon_GT,31,0.0
2503,WHWeatherspoon_GT,32,0.0
2504,WHWeatherspoon_GT,33,0.0
2505,WHWeatherspoon_GT,34,0.0
2506,WHWeatherspoon_GT,35,0.0
2507,WHWeatherspoon_GT,36,0.0
2508,WHWeatherspoon_GT,37,0.0
2509,WHWeatherspoon_GT,38,0.0
2510,WHWeatherspoon_GT,39,0.0
2511,WHWeatherspoon_GT,40,0.0
2512,WHWeatherspoon_GT,41,0.0
2513,WHWeatherspoon_GT,42,0.0
2514,WHWeatherspoon_GT,43,0.0
2515,WHWeatherspoon_GT,44,0.0
2516,WHWeatherspoon_GT,45,0.0
2517,WHWeatherspoon_GT,46,0.0
2518,WHWeatherspoon_GT,47,0.0
2519,WHWeatherspoon_GT,48,0.0
2520,Asheville_ST,25,0.0
2521,Asheville_ST,26,0.0
2522,Asheville_ST,27,0.0
2523,Asheville_ST,28,0.0
2524,Asheville_ST,29,0.0
2525,Asheville_ST,30,0.0
2526,Asheville_ST,31,0.0
2527,Asheville_ST,32,0.0
2528,Asheville_ST,33,0.0
2529,Asheville_ST,34,0.0
2530,Asheville_ST,35,0.0
2531,Asheville_ST,36,0.0
2532,Asheville_ST,37,0.0
2533,Asheville_ST,38,0.0
2534,Asheville_ST,39,0.0
2535,Asheville_ST,40,0.0
2536,Asheville_ST,41,0.0
2537,Asheville_ST,42,0.0
2538,Asheville_ST,43,0.0
2539,Asheville_ST,44,0.0
2540,Asheville_ST,45,0.0
2541,Asheville_ST,46,0.0
2542,Asheville_ST,47,0.0
2543,Asheville_ST,48,0.0
2544,Buck_CT,25,0.0
2545,Buck_CT,26,0.0
2546,Buck_CT,27,0.0
2547,Buck_CT,28,0.0
2548,Buck_CT,29,0.0
2549,Buck_CT,30,0.0
2550,Buck_CT,31,0.0
2551,Buck_CT,32,0.0
2552,Buck_CT,33,0.0
2553,Buck_CT,34,0.0
2554,Buck_CT,35,0.0
2555,Buck_CT,36,0.0
2556,Buck_CT,37,0.0
2557,Buck_CT,38,0.0
2558,Buck_CT,39,0.0
2559,Buck_CT,40,0.0
2560,Buck_CT,41,0.0
2561,Buck_CT,42,0.0
2562,Buck_CT,43,0.0
2563,Buck_CT,44,0.0
2564,Buck_CT,45,0.0
2565,Buck_CT,46,0.0
2566,Buck_CT,47,0.0
2567,Buck_CT,48,1.0
2568,ButlerWarnerGenerationPlant,25,0.0
2569,ButlerWarnerGenerationPlant,26,0.0
2570,ButlerWarnerGenerationPlant,27,0.0
2571,ButlerWarnerGenerationPlant,28,0.0
2572,ButlerWarnerGenerationPlant,29,0.0
2573,ButlerWarnerGenerationPlant,30,0.0
2574,ButlerWarnerGenerationPlant,31,0.0
2575,ButlerWarnerGenerationPlant,32,0.0
2576,ButlerWarnerGenerationPlant,33,0.0
2577,ButlerWarnerGenerationPlant,34,0.0
2578,ButlerWarnerGenerationPlant,35,0.0
2579,ButlerWarnerGenerationPlant,36,-1.4210854715202004e-13
2580,ButlerWarnerGenerationPlant,37,0.0
2581,ButlerWarnerGenerationPlant,38,0.0
2582,ButlerWarnerGenerationPlant,39,0.0
2583,ButlerWarnerGenerationPlant,40,0.0
2584,ButlerWarnerGenerationPlant,41,0.0
2585,ButlerWarnerGenerationPlant,42,0.0
2586,ButlerWarnerGenerationPlant,43,0.0
2587,ButlerWarnerGenerationPlant,44,0.0
2588,ButlerWarnerGenerationPlant,45,0.0
2589,ButlerWarnerGenerationPlant,46,0.0
2590,ButlerWarnerGenerationPlant,47,0.0
2591,ButlerWarnerGenerationPlant,48,0.0
2592,DanRiver_CT,25,0.0
2593,DanRiver_CT,26,0.0
2594,DanRiver_CT,27,0.0
2595,DanRiver_CT,28,0.0
2596,DanRiver_CT,29,0.0
2597,DanRiver_CT,30,0.0
2598,DanRiver_CT,31,0.0
2599,DanRiver_CT,32,0.0
2600,DanRiver_CT,33,0.0
2601,DanRiver_CT,34,0.0
2602,DanRiver_CT,35,0.0
2603,DanRiver_CT,36,0.0
2604,DanRiver_CT,37,0.0
2605,DanRiver_CT,38,0.0
2606,DanRiver_CT,39,0.0
2607,DanRiver_CT,40,0.0
2608,DanRiver_CT,41,0.0
2609,DanRiver_CT,42,0.0
2610,DanRiver_CT,43,0.0
2611,DanRiver_CT,44,0.0
2612,DanRiver_CT,45,0.0
2613,DanRiver_CT,46,0.0
2614,DanRiver_CT,47,0.0
2615,DanRiver_CT,48,0.0
2616,HFLeeSteamElectricPlant,25,0.0
2617,HFLeeSteamElectricPlant,26,0.0
2618,HFLeeSteamElectricPlant,27,0.0
2619,HFLeeSteamElectricPlant,28,0.0
2620,HFLeeSteamElectricPlant,29,0.0
2621,HFLeeSteamElectricPlant,30,0.0
2622,HFLeeSteamElectricPlant,31,0.0
2623,HFLeeSteamElectricPlant,32,0.0
2624,HFLeeSteamElectricPlant,33,0.0
2625,HFLeeSteamElectricPlant,34,0.0
2626,HFLeeSteamElectricPlant,35,0.0
2627,HFLeeSteamElectricPlant,36,0.0
2628,HFLeeSteamElectricPlant,37,0.0
2629,HFLeeSteamElectricPlant,38,0.0
2630,HFLeeSteamElectricPlant,39,0.0
2631,HFLeeSteamElectricPlant,40,0.0
2632,HFLeeSteamElectricPlant,41,0.0
2633,HFLeeSteamElectricPlant,42,0.0
2634,HFLeeSteamElectricPlant,43,0.0
2635,HFLeeSteamElectricPlant,44,0.0
2636,HFLeeSteamElectricPlant,45,0.0
2637,HFLeeSteamElectricPlant,46,0.0
2638,HFLeeSteamElectricPlant,47,0.0
2639,HFLeeSteamElectricPlant,48,0.0
2640,KingsMountainEnergyCenter,25,0.0
2641,KingsMountainEnergyCenter,26,0.0
2642,KingsMountainEnergyCenter,27,0.0
2643,KingsMountainEnergyCenter,28,0.0
2644,KingsMountainEnergyCenter,29,0.0
2645,KingsMountainEnergyCenter,30,0.0
2646,KingsMountainEnergyCenter,31,0.0
2647,KingsMountainEnergyCenter,32,0.0
2648,KingsMountainEnergyCenter,33,0.0
2649,KingsMountainEnergyCenter,34,0.0
2650,KingsMountainEnergyCenter,35,0.0
2651,KingsMountainEnergyCenter,36,0.0
2652,KingsMountainEnergyCenter,37,0.0
2653,KingsMountainEnergyCenter,38,0.0
2654,KingsMountainEnergyCenter,39,0.0
2655,KingsMountainEnergyCenter,40,0.0
2656,KingsMountainEnergyCenter,41,0.0
2657,KingsMountainEnergyCenter,42,0.0
2658,KingsMountainEnergyCenter,43,0.0
2659,KingsMountainEnergyCenter,44,0.0
2660,KingsMountainEnergyCenter,45,0.0
2661,KingsMountainEnergyCenter,46,0.0
2662,KingsMountainEnergyCenter,47,0.0
2663,KingsMountainEnergyCenter,48,0.0
2664,LVSutton_CT,25,2.8008151353731137e-13
2665,LVSutton_CT,26,-2.8008151353731137e-13
2666,LVSutton_CT,27,0.0
2667,LVSutton_CT,28,0.0
2668,LVSutton_CT,29,0.0
2669,LVSutton_CT,30,0.0
2670,LVSutton_CT,31,0.0
2671,LVSutton_CT,32,0.0
2672,LVSutton_CT,33,0.0
2673,LVSutton_CT,34,0.0
2674,LVSutton_CT,35,0.0
2675,LVSutton_CT,36,0.0
2676,LVSutton_CT,37,0.0
2677,LVSutton_CT,38,0.0
2678,LVSutton_CT,39,0.0
2679,LVSutton_CT,40,0.0
2680,LVSutton_CT,41,0.0
2681,LVSutton_CT,42,0.0
2682,LVSutton_CT,43,0.0
2683,LVSutton_CT,44,0.0
2684,LVSutton_CT,45,0.0
2685,LVSutton_CT,46,0.0
2686,LVSutton_CT,47,0.0
2687,LVSutton_CT,48,0.0
2688,Rowan_45,25,0.0
2689,Rowan_45,26,0.0
2690,Rowan_45,27,0.0
2691,Rowan_45,28,0.0
2692,Rowan_45,29,0.0
2693,Rowan_45,30,0.0
2694,Rowan_45,31,0.0
2695,Rowan_45,32,0.0
2696,Rowan_45,33,0.0
2697,Rowan_45,34,0.0
2698,Rowan_45,35,0.0
2699,Rowan_45,36,0.0
2700,Rowan_45,37,0.0
2701,Rowan_45,38,0.0
2702,Rowan_45,39,0.0
2703,Rowan_45,40,0.0
2704,Rowan_45,41,0.0
2705,Rowan_45,42,0.0
2706,Rowan_45,43,0.0
2707,Rowan_45,44,0.0
2708,Rowan_45,45,0.0
2709,Rowan_45,46,0.0
2710,Rowan_45,47,0.0
2711,Rowan_45,48,0.0
2712,SherwoodHSmithJrEnergyComplex,25,0.0
2713,SherwoodHSmithJrEnergyComplex,26,0.0
2714,SherwoodHSmithJrEnergyComplex,27,0.0
2715,SherwoodHSmithJrEnergyComplex,28,0.0
2716,SherwoodHSmithJrEnergyComplex,29,0.0
2717,SherwoodHSmithJrEnergyComplex,30,0.0
2718,SherwoodHSmithJrEnergyComplex,31,0.0
2719,SherwoodHSmithJrEnergyComplex,32,0.0
2720,SherwoodHSmithJrEnergyComplex,33,0.0
2721,SherwoodHSmithJrEnergyComplex,34,0.0
2722,SherwoodHSmithJrEnergyComplex,35,0.0
2723,SherwoodHSmithJrEnergyComplex,36,0.0
2724,SherwoodHSmithJrEnergyComplex,37,0.0
2725,SherwoodHSmithJrEnergyComplex,38,0.0
2726,SherwoodHSmithJrEnergyComplex,39,0.0
2727,SherwoodHSmithJrEnergyComplex,40,0.0
2728,SherwoodHSmithJrEnergyComplex,41,0.0
2729,SherwoodHSmithJrEnergyComplex,42,0.0
2730,SherwoodHSmithJrEnergyComplex,43,0.0
2731,SherwoodHSmithJrEnergyComplex,44,0.0
2732,SherwoodHSmithJrEnergyComplex,45,0.0
2733,SherwoodHSmithJrEnergyComplex,46,0.0
2734,SherwoodHSmithJrEnergyComplex,47,0.0
2735,SherwoodHSmithJrEnergyComplex,48,0.0
2736,AnsonCountyGenerationFacility,25,0.0
2737,AnsonCountyGenerationFacility,26,0.0
2738,AnsonCountyGenerationFacility,27,0.0
2739,AnsonCountyGenerationFacility,28,0.0
2740,AnsonCountyGenerationFacility,29,0.0
2741,AnsonCountyGenerationFacility,30,0.0
2742,AnsonCountyGenerationFacility,31,0.0
2743,AnsonCountyGenerationFacility,32,0.0
2744,AnsonCountyGenerationFacility,33,0.0
2745,AnsonCountyGenerationFacility,34,0.0
2746,AnsonCountyGenerationFacility,35,0.0
2747,AnsonCountyGenerationFacility,36,0.0
2748,AnsonCountyGenerationFacility,37,0.0
2749,AnsonCountyGenerationFacility,38,0.0
2750,AnsonCountyGenerationFacility,39,0.0
2751,AnsonCountyGenerationFacility,40,0.0
2752,AnsonCountyGenerationFacility,41,0.0
2753,AnsonCountyGenerationFacility,42,0.0
2754,AnsonCountyGenerationFacility,43,0.0
2755,AnsonCountyGenerationFacility,44,0.0
2756,AnsonCountyGenerationFacility,45,0.0
2757,AnsonCountyGenerationFacility,46,0.0
2758,AnsonCountyGenerationFacility,47,0.0
2759,AnsonCountyGenerationFacility,48,0.0
2760,ArcherDanielsMidlandSouthport,25,0.0
2761,ArcherDanielsMidlandSouthport,26,0.0
2762,ArcherDanielsMidlandSouthport,27,0.0
2763,ArcherDanielsMidlandSouthport,28,0.0
2764,ArcherDanielsMidlandSouthport,29,0.0
2765,ArcherDanielsMidlandSouthport,30,0.0
2766,ArcherDanielsMidlandSouthport,31,0.0
2767,ArcherDanielsMidlandSouthport,32,0.0
2768,ArcherDanielsMidlandSouthport,33,0.0
2769,ArcherDanielsMidlandSouthport,34,0.0
2770,ArcherDanielsMidlandSouthport,35,0.0
2771,ArcherDanielsMidlandSouthport,36,0.0
2772,ArcherDanielsMidlandSouthport,37,0.0
2773,ArcherDanielsMidlandSouthport,38,0.0
2774,ArcherDanielsMidlandSouthport,39,0.0
2775,ArcherDanielsMidlandSouthport,40,0.0
2776,ArcherDanielsMidlandSouthport,41,0.0
2777,ArcherDanielsMidlandSouthport,42,0.0
2778,ArcherDanielsMidlandSouthport,43,0.0
2779,ArcherDanielsMidlandSouthport,44,0.0
2780,ArcherDanielsMidlandSouthport,45,0.0
2781,ArcherDanielsMidlandSouthport,46,0.0
2782,ArcherDanielsMidlandSouthport,47,0.0
2783,ArcherDanielsMidlandSouthport,48,0.0
2784,Asheville_GT,25,0.0
2785,Asheville_GT,26,0.0
2786,Asheville_GT,27,0.0
2787,Asheville_GT,28,0.0
2788,Asheville_GT,29,0.0
2789,Asheville_GT,30,0.0
2790,Asheville_GT,31,0.0
2791,Asheville_GT,32,0.0
2792,Asheville_GT,33,0.0
2793,Asheville_GT,34,0.0
2794,Asheville_GT,35,0.0
2795,Asheville_GT,36,0.0
2796,Asheville_GT,37,0.0
2797,Asheville_GT,38,0.0
2798,Asheville_GT,39,0.0
2799,Asheville_GT,40,0.0
2800,Asheville_GT,41,0.0
2801,Asheville_GT,42,0.0
2802,Asheville_GT,43,0.0
2803,Asheville_GT,44,0.0
2804,Asheville_GT,45,0.0
2805,Asheville_GT,46,0.0
2806,Asheville_GT,47,0.0
2807,Asheville_GT,48,0.0
2808,ClevelandCntyGeneratingFacility,25,0.0
2809,ClevelandCntyGeneratingFacility,26,0.0
2810,ClevelandCntyGeneratingFacility,27,0.0
2811,ClevelandCntyGeneratingFacility,28,0.0
2812,ClevelandCntyGeneratingFacility,29,0.0
2813,ClevelandCntyGeneratingFacility,30,0.0
2814,ClevelandCntyGeneratingFacility,31,0.0
2815,ClevelandCntyGeneratingFacility,32,0.0
2816,ClevelandCntyGeneratingFacility,33,0.0
2817,ClevelandCntyGeneratingFacility,34,0.0
2818,ClevelandCntyGeneratingFacility,35,0.0
2819,ClevelandCntyGeneratingFacility,36,0.0
2820,ClevelandCntyGeneratingFacility,37,0.0
2821,ClevelandCntyGeneratingFacility,38,0.0
2822,ClevelandCntyGeneratingFacility,39,0.0
2823,ClevelandCntyGeneratingFacility,40,0.0
2824,ClevelandCntyGeneratingFacility,41,0.0
2825,ClevelandCntyGeneratingFacility,42,0.0
2826,ClevelandCntyGeneratingFacility,43,0.0
2827,ClevelandCntyGeneratingFacility,44,0.0
2828,ClevelandCntyGeneratingFacility,45,0.0
2829,ClevelandCntyGeneratingFacility,46,0.0
2830,ClevelandCntyGeneratingFacility,47,0.0
2831,ClevelandCntyGeneratingFacility,48,0.0
2832,DSMPharmaceuticals,25,0.0
2833,DSMPharmaceuticals,26,0.0
2834,DSMPharmaceuticals,27,0.0
2835,DSMPharmaceuticals,28,0.0
2836,DSMPharmaceuticals,29,0.0
2837,DSMPharmaceuticals,30,0.0
2838,DSMPharmaceuticals,31,0.0
2839,DSMPharmaceuticals,32,0.0
2840,DSMPharmaceuticals,33,0.0
2841,DSMPharmaceuticals,34,0.0
2842,DSMPharmaceuticals,35,0.0
2843,DSMPharmaceuticals,36,0.0
2844,DSMPharmaceuticals,37,0.0
2845,DSMPharmaceuticals,38,0.0
2846,DSMPharmaceuticals,39,0.0
2847,DSMPharmaceuticals,40,0.0
2848,DSMPharmaceuticals,41,0.0
2849,DSMPharmaceuticals,42,0.0
2850,DSMPharmaceuticals,43,0.0
2851,DSMPharmaceuticals,44,0.0
2852,DSMPharmaceuticals,45,0.0
2853,DSMPharmaceuticals,46,0.0
2854,DSMPharmaceuticals,47,0.0
2855,DSMPharmaceuticals,48,0.0
2856,HamletGeneratingFacility,25,0.0
2857,HamletGeneratingFacility,26,0.0
2858,HamletGeneratingFacility,27,0.0
2859,HamletGeneratingFacility,28,0.0
2860,HamletGeneratingFacility,29,0.0
2861,HamletGeneratingFacility,30,0.0
2862,HamletGeneratingFacility,31,0.0
2863,HamletGeneratingFacility,32,0.0
2864,HamletGeneratingFacility,33,0.0
2865,HamletGeneratingFacility,34,0.0
2866,HamletGeneratingFacility,35,0.0
2867,HamletGeneratingFacility,36,0.0
2868,HamletGeneratingFacility,37,0.0
2869,HamletGeneratingFacility,38,0.0
2870,HamletGeneratingFacility,39,0.0
2871,HamletGeneratingFacility,40,0.0
2872,HamletGeneratingFacility,41,0.0
2873,HamletGeneratingFacility,42,0.0
2874,HamletGeneratingFacility,43,0.0
2875,HamletGeneratingFacility,44,0.0
2876,HamletGeneratingFacility,45,0.0
2877,HamletGeneratingFacility,46,0.0
2878,HamletGeneratingFacility,47,0.0
2879,HamletGeneratingFacility,48,0.0
2880,LincolnCombustion_1,25,0.0
2881,LincolnCombustion_1,26,0.0
2882,LincolnCombustion_1,27,0.0
2883,LincolnCombustion_1,28,0.0
2884,LincolnCombustion_1,29,0.0
2885,LincolnCombustion_1,30,0.0
2886,LincolnCombustion_1,31,0.0
2887,LincolnCombustion_1,32,0.0
2888,LincolnCombustion_1,33,0.0
2889,LincolnCombustion_1,34,0.0
2890,LincolnCombustion_1,35,0.0
2891,LincolnCombustion_1,36,0.0
2892,LincolnCombustion_1,37,0.0
2893,LincolnCombustion_1,38,0.0
2894,LincolnCombustion_1,39,0.0
2895,LincolnCombustion_1,40,0.0
2896,LincolnCombustion_1,41,0.0
2897,LincolnCombustion_1,42,0.0
2898,LincolnCombustion_1,43,0.0
2899,LincolnCombustion_1,44,0.0
2900,LincolnCombustion_1,45,0.0
2901,LincolnCombustion_1,46,0.0
2902,LincolnCombustion_1,47,0.0
2903,LincolnCombustion_1,48,0.0
2904,LVSutton_GT,25,0.0
2905,LVSutton_GT,26,0.0
2906,LVSutton_GT,27,0.0
2907,LVSutton_GT,28,0.0
2908,LVSutton_GT,29,0.0
2909,LVSutton_GT,30,0.0
2910,LVSutton_GT,31,0.0
2911,LVSutton_GT,32,0.0
2912,LVSutton_GT,33,0.0
2913,LVSutton_GT,34,0.0
2914,LVSutton_GT,35,0.0
2915,LVSutton_GT,36,0.0
2916,LVSutton_GT,37,0.0
2917,LVSutton_GT,38,0.0
2918,LVSutton_GT,39,0.0
2919,LVSutton_GT,40,0.0
2920,LVSutton_GT,41,0.0
2921,LVSutton_GT,42,0.0
2922,LVSutton_GT,43,0.0
2923,LVSutton_GT,44,0.0
2924,LVSutton_GT,45,0.0
2925,LVSutton_GT,46,0.0
2926,LVSutton_GT,47,0.0
2927,LVSutton_GT,48,0.0
2928,MonroeGeneratingStation_1,25,0.0
2929,MonroeGeneratingStation_1,26,0.0
2930,MonroeGeneratingStation_1,27,0.0
2931,MonroeGeneratingStation_1,28,0.0
2932,MonroeGeneratingStation_1,29,0.0
2933,MonroeGeneratingStation_1,30,0.0
2934,MonroeGeneratingStation_1,31,0.0
2935,MonroeGeneratingStation_1,32,0.0
2936,MonroeGeneratingStation_1,33,0.0
2937,MonroeGeneratingStation_1,34,0.0
2938,MonroeGeneratingStation_1,35,0.0
2939,MonroeGeneratingStation_1,36,0.0
2940,MonroeGeneratingStation_1,37,0.0
2941,MonroeGeneratingStation_1,38,0.0
2942,MonroeGeneratingStation_1,39,0.0
2943,MonroeGeneratingStation_1,40,0.0
2944,MonroeGeneratingStation_1,41,0.0
2945,MonroeGeneratingStation_1,42,0.0
2946,MonroeGeneratingStation_1,43,0.0
2947,MonroeGeneratingStation_1,44,0.0
2948,MonroeGeneratingStation_1,45,0.0
2949,MonroeGeneratingStation_1,46,0.0
2950,MonroeGeneratingStation_1,47,0.0
2951,MonroeGeneratingStation_1,48,0.0
2952,NCSUCogen,25,0.0
2953,NCSUCogen,26,0.0
2954,NCSUCogen,27,0.0
2955,NCSUCogen,28,0.0
2956,NCSUCogen,29,0.0
2957,NCSUCogen,30,0.0
2958,NCSUCogen,31,0.0
2959,NCSUCogen,32,0.0
2960,NCSUCogen,33,0.0
2961,NCSUCogen,34,0.0
2962,NCSUCogen,35,0.0
2963,NCSUCogen,36,0.0
2964,NCSUCogen,37,0.0
2965,NCSUCogen,38,0.0
2966,NCSUCogen,39,0.0
2967,NCSUCogen,40,0.0
2968,NCSUCogen,41,0.0
2969,NCSUCogen,42,0.0
2970,NCSUCogen,43,0.0
2971,NCSUCogen,44,0.0
2972,NCSUCogen,45,0.0
2973,NCSUCogen,46,0.0
2974,NCSUCogen,47,0.0
2975,NCSUCogen,48,0.0
2976,RockinghamCountyCTStation,25,0.0
2977,RockinghamCountyCTStation,26,0.0
2978,RockinghamCountyCTStation,27,0.0
2979,RockinghamCountyCTStation,28,0.0
2980,RockinghamCountyCTStation,29,0.0
2981,RockinghamCountyCTStation,30,0.0
2982,RockinghamCountyCTStation,31,0.0
2983,RockinghamCountyCTStation,32,0.0
2984,RockinghamCountyCTStation,33,0.0
2985,RockinghamCountyCTStation,34,0.0
2986,RockinghamCountyCTStation,35,0.0
2987,RockinghamCountyCTStation,36,0.0
2988,RockinghamCountyCTStation,37,0.0
2989,RockinghamCountyCTStation,38,0.0
2990,RockinghamCountyCTStation,39,0.0
2991,RockinghamCountyCTStation,40,0.0
2992,RockinghamCountyCTStation,41,0.0
2993,RockinghamCountyCTStation,42,0.0
2994,RockinghamCountyCTStation,43,0.0
2995,RockinghamCountyCTStation,44,0.0
2996,RockinghamCountyCTStation,45,0.0
2997,RockinghamCountyCTStation,46,0.0
2998,RockinghamCountyCTStation,47,0.0
2999,RockinghamCountyCTStation,48,0.0
3000,Rowan_13,25,0.0
3001,Rowan_13,26,0.0
3002,Rowan_13,27,0.0
3003,Rowan_13,28,0.0
3004,Rowan_13,29,0.0
3005,Rowan_13,30,0.0
3006,Rowan_13,31,0.0
3007,Rowan_13,32,0.0
3008,Rowan_13,33,0.0
3009,Rowan_13,34,0.0
3010,Rowan_13,35,0.0
3011,Rowan_13,36,0.0
3012,Rowan_13,37,0.0
3013,Rowan_13,38,0.0
3014,Rowan_13,39,0.0
3015,Rowan_13,40,0.0
3016,Rowan_13,41,0.0
3017,Rowan_13,42,0.0
3018,Rowan_13,43,0.0
3019,Rowan_13,44,0.0
3020,Rowan_13,45,0.0
3021,Rowan_13,46,0.0
3022,Rowan_13,47,0.0
3023,Rowan_13,48,0.0
3024,SherwoodHSmithJrEnergyComplex_CT,25,0.0
3025,SherwoodHSmithJrEnergyComplex_CT,26,0.0
3026,SherwoodHSmithJrEnergyComplex_CT,27,0.0
3027,SherwoodHSmithJrEnergyComplex_CT,28,0.0
3028,SherwoodHSmithJrEnergyComplex_CT,29,0.0
3029,SherwoodHSmithJrEnergyComplex_CT,30,0.0
3030,SherwoodHSmithJrEnergyComplex_CT,31,0.0
3031,SherwoodHSmithJrEnergyComplex_CT,32,0.0
3032,SherwoodHSmithJrEnergyComplex_CT,33,0.0
3033,SherwoodHSmithJrEnergyComplex_CT,34,0.0
3034,SherwoodHSmithJrEnergyComplex_CT,35,0.0
3035,SherwoodHSmithJrEnergyComplex_CT,36,0.0
3036,SherwoodHSmithJrEnergyComplex_CT,37,0.0
3037,SherwoodHSmithJrEnergyComplex_CT,38,0.0
3038,SherwoodHSmithJrEnergyComplex_CT,39,0.0
3039,SherwoodHSmithJrEnergyComplex_CT,40,0.0
3040,SherwoodHSmithJrEnergyComplex_CT,41,0.0
3041,SherwoodHSmithJrEnergyComplex_CT,42,0.0
3042,SherwoodHSmithJrEnergyComplex_CT,43,0.0
3043,SherwoodHSmithJrEnergyComplex_CT,44,0.0
3044,SherwoodHSmithJrEnergyComplex_CT,45,0.0
3045,SherwoodHSmithJrEnergyComplex_CT,46,0.0
3046,SherwoodHSmithJrEnergyComplex_CT,47,0.0
3047,SherwoodHSmithJrEnergyComplex_CT,48,0.0
3048,WayneCounty,25,0.0
3049,WayneCounty,26,0.0
3050,WayneCounty,27,0.0
3051,WayneCounty,28,0.0
3052,WayneCounty,29,0.0
3053,WayneCounty,30,0.0
3054,WayneCounty,31,0.0
3055,WayneCounty,32,0.0
3056,WayneCounty,33,0.0
3057,WayneCounty,34,0.0
3058,WayneCounty,35,0.0
3059,WayneCounty,36,0.0
3060,WayneCounty,37,0.0
3061,WayneCounty,38,0.0
3062,WayneCounty,39,0.0
3063,WayneCounty,40,0.0
3064,WayneCounty,41,0.0
3065,WayneCounty,42,0.0
3066,WayneCounty,43,0.0
3067,WayneCounty,44,0.0
3068,WayneCounty,45,0.0
3069,WayneCounty,46,0.0
3070,WayneCounty,47,0.0
3071,WayneCounty,48,0.0
